{"_id":{"$oid":"58d80f80c6c5571aff9585e4"},"id":"PGX_AM_CS_ChemSR-kim-R1","biosample_id":"PGX_AM_BS_ChemSR-kim-R1","variant_set_id":"AM_VS_HG18","created":{"$date":"2017-03-26T18:58:54.742Z"},"updated":{"$date":"2017-03-26T18:58:54.742Z"}}
{"_id":{"$oid":"58d80f80c6c5571aff9585e5"},"id":"PGX_AM_CS_ChemSR-kim-R10","biosample_id":"PGX_AM_BS_ChemSR-kim-R10","variant_set_id":"AM_VS_HG18","created":{"$date":"2017-03-26T18:58:54.743Z"},"updated":{"$date":"2017-03-26T18:58:54.743Z"}}
{"_id":{"$oid":"58d80f80c6c5571aff9585e6"},"id":"PGX_AM_CS_ChemSR-kim-R2","biosample_id":"PGX_AM_BS_ChemSR-kim-R2","variant_set_id":"AM_VS_HG18","created":{"$date":"2017-03-26T18:58:54.744Z"},"updated":{"$date":"2017-03-26T18:58:54.744Z"}}
{"_id":{"$oid":"58d80f80c6c5571aff9585e7"},"id":"PGX_AM_CS_ChemSR-kim-R3","biosample_id":"PGX_AM_BS_ChemSR-kim-R3","variant_set_id":"AM_VS_HG18","created":{"$date":"2017-03-26T18:58:54.744Z"},"updated":{"$date":"2017-03-26T18:58:54.744Z"}}
{"_id":{"$oid":"58d80f80c6c5571aff9585e8"},"id":"PGX_AM_CS_ChemSR-kim-R4","biosample_id":"PGX_AM_BS_ChemSR-kim-R4","variant_set_id":"AM_VS_HG18","created":{"$date":"2017-03-26T18:58:54.745Z"},"updated":{"$date":"2017-03-26T18:58:54.745Z"}}
{"_id":{"$oid":"58d80f80c6c5571aff9585e9"},"id":"PGX_AM_CS_ChemSR-kim-R5","biosample_id":"PGX_AM_BS_ChemSR-kim-R5","variant_set_id":"AM_VS_HG18","created":{"$date":"2017-03-26T18:58:54.746Z"},"updated":{"$date":"2017-03-26T18:58:54.746Z"}}
{"_id":{"$oid":"58d80f80c6c5571aff9585ea"},"id":"PGX_AM_CS_ChemSR-kim-R6","biosample_id":"PGX_AM_BS_ChemSR-kim-R6","variant_set_id":"AM_VS_HG18","created":{"$date":"2017-03-26T18:58:54.747Z"},"updated":{"$date":"2017-03-26T18:58:54.747Z"}}
{"_id":{"$oid":"58d80f80c6c5571aff9585eb"},"id":"PGX_AM_CS_ChemSR-kim-R7","biosample_id":"PGX_AM_BS_ChemSR-kim-R7","variant_set_id":"AM_VS_HG18","created":{"$date":"2017-03-26T18:58:54.747Z"},"updated":{"$date":"2017-03-26T18:58:54.747Z"}}
{"_id":{"$oid":"58d80f80c6c5571aff9585ec"},"id":"PGX_AM_CS_ChemSR-kim-R8","biosample_id":"PGX_AM_BS_ChemSR-kim-R8","variant_set_id":"AM_VS_HG18","created":{"$date":"2017-03-26T18:58:54.748Z"},"updated":{"$date":"2017-03-26T18:58:54.748Z"}}
{"_id":{"$oid":"58d80f80c6c5571aff9585ed"},"id":"PGX_AM_CS_ChemSR-kim-R9","biosample_id":"PGX_AM_BS_ChemSR-kim-R9","variant_set_id":"AM_VS_HG18","created":{"$date":"2017-03-26T18:58:54.748Z"},"updated":{"$date":"2017-03-26T18:58:54.748Z"}}
{"_id":{"$oid":"58d80f80c6c5571aff9585ee"},"id":"PGX_AM_CS_ChemSR-kim-S1","biosample_id":"PGX_AM_BS_ChemSR-kim-S1","variant_set_id":"AM_VS_HG18","created":{"$date":"2017-03-26T18:58:54.749Z"},"updated":{"$date":"2017-03-26T18:58:54.749Z"}}
{"_id":{"$oid":"58d80f80c6c5571aff9585ef"},"id":"PGX_AM_CS_ChemSR-kim-S2","biosample_id":"PGX_AM_BS_ChemSR-kim-S2","variant_set_id":"AM_VS_HG18","created":{"$date":"2017-03-26T18:58:54.750Z"},"updated":{"$date":"2017-03-26T18:58:54.750Z"}}
{"_id":{"$oid":"58d80f80c6c5571aff9585f0"},"id":"PGX_AM_CS_ChemSR-kim-S3","biosample_id":"PGX_AM_BS_ChemSR-kim-S3","variant_set_id":"AM_VS_HG18","created":{"$date":"2017-03-26T18:58:54.750Z"},"updated":{"$date":"2017-03-26T18:58:54.750Z"}}
{"_id":{"$oid":"58d80f80c6c5571aff9585f1"},"id":"PGX_AM_CS_ChemSR-kim-S4","biosample_id":"PGX_AM_BS_ChemSR-kim-S4","variant_set_id":"AM_VS_HG18","created":{"$date":"2017-03-26T18:58:54.751Z"},"updated":{"$date":"2017-03-26T18:58:54.751Z"}}
{"_id":{"$oid":"58d80f80c6c5571aff9585f2"},"id":"PGX_AM_CS_ChemSR-kim-S5","biosample_id":"PGX_AM_BS_ChemSR-kim-S5","variant_set_id":"AM_VS_HG18","created":{"$date":"2017-03-26T18:58:54.751Z"},"updated":{"$date":"2017-03-26T18:58:54.751Z"}}
{"_id":{"$oid":"58d80f80c6c5571aff9585f3"},"id":"PGX_AM_CS_ChemSR-kim-S6","biosample_id":"PGX_AM_BS_ChemSR-kim-S6","variant_set_id":"AM_VS_HG18","created":{"$date":"2017-03-26T18:58:54.751Z"},"updated":{"$date":"2017-03-26T18:58:54.751Z"}}
{"_id":{"$oid":"58d80f80c6c5571aff9585f4"},"id":"PGX_AM_CS_ChemSR-kim-S7","biosample_id":"PGX_AM_BS_ChemSR-kim-S7","variant_set_id":"AM_VS_HG18","created":{"$date":"2017-03-26T18:58:54.752Z"},"updated":{"$date":"2017-03-26T18:58:54.752Z"}}
{"_id":{"$oid":"58d80f80c6c5571aff9585f5"},"id":"PGX_AM_CS_GSM217396","biosample_id":"PGX_AM_BS_GSM217396","variant_set_id":"AM_VS_HG18","created":{"$date":"2017-03-26T18:58:54.752Z"},"updated":{"$date":"2017-03-26T18:58:54.752Z"}}
{"_id":{"$oid":"58d80f80c6c5571aff9585f6"},"id":"PGX_AM_CS_GSM217397","biosample_id":"PGX_AM_BS_GSM217397","variant_set_id":"AM_VS_HG18","created":{"$date":"2017-03-26T18:58:54.753Z"},"updated":{"$date":"2017-03-26T18:58:54.753Z"}}
{"_id":{"$oid":"58d80f80c6c5571aff9585f7"},"id":"PGX_AM_CS_GSM217398","biosample_id":"PGX_AM_BS_GSM217398","variant_set_id":"AM_VS_HG18","created":{"$date":"2017-03-26T18:58:54.753Z"},"updated":{"$date":"2017-03-26T18:58:54.753Z"}}
{"_id":{"$oid":"58d80f80c6c5571aff9585f8"},"id":"PGX_AM_CS_GSM217399","biosample_id":"PGX_AM_BS_GSM217399","variant_set_id":"AM_VS_HG18","created":{"$date":"2017-03-26T18:58:54.754Z"},"updated":{"$date":"2017-03-26T18:58:54.754Z"}}
{"_id":{"$oid":"58d80f80c6c5571aff9585f9"},"id":"PGX_AM_CS_GSM217400","biosample_id":"PGX_AM_BS_GSM217400","variant_set_id":"AM_VS_HG18","created":{"$date":"2017-03-26T18:58:54.755Z"},"updated":{"$date":"2017-03-26T18:58:54.755Z"}}
{"_id":{"$oid":"58d80f80c6c5571aff9585fa"},"id":"PGX_AM_CS_GSM217401","biosample_id":"PGX_AM_BS_GSM217401","variant_set_id":"AM_VS_HG18","created":{"$date":"2017-03-26T18:58:54.755Z"},"updated":{"$date":"2017-03-26T18:58:54.755Z"}}
{"_id":{"$oid":"58d80f80c6c5571aff9585fb"},"id":"PGX_AM_CS_GSM217402","biosample_id":"PGX_AM_BS_GSM217402","variant_set_id":"AM_VS_HG18","created":{"$date":"2017-03-26T18:58:54.756Z"},"updated":{"$date":"2017-03-26T18:58:54.756Z"}}
{"_id":{"$oid":"58d80f80c6c5571aff9585fc"},"id":"PGX_AM_CS_GSM217403","biosample_id":"PGX_AM_BS_GSM217403","variant_set_id":"AM_VS_HG18","created":{"$date":"2017-03-26T18:58:54.756Z"},"updated":{"$date":"2017-03-26T18:58:54.756Z"}}
{"_id":{"$oid":"58d80f80c6c5571aff9585fd"},"id":"PGX_AM_CS_GSM217404","biosample_id":"PGX_AM_BS_GSM217404","variant_set_id":"AM_VS_HG18","created":{"$date":"2017-03-26T18:58:54.757Z"},"updated":{"$date":"2017-03-26T18:58:54.757Z"}}
{"_id":{"$oid":"58d80f80c6c5571aff9585fe"},"id":"PGX_AM_CS_GSM217405","biosample_id":"PGX_AM_BS_GSM217405","variant_set_id":"AM_VS_HG18","created":{"$date":"2017-03-26T18:58:54.757Z"},"updated":{"$date":"2017-03-26T18:58:54.757Z"}}
{"_id":{"$oid":"58d80f80c6c5571aff9585ff"},"id":"PGX_AM_CS_GSM217406","biosample_id":"PGX_AM_BS_GSM217406","variant_set_id":"AM_VS_HG18","created":{"$date":"2017-03-26T18:58:54.758Z"},"updated":{"$date":"2017-03-26T18:58:54.758Z"}}
{"_id":{"$oid":"58d80f80c6c5571aff958600"},"id":"PGX_AM_CS_GSM217407","biosample_id":"PGX_AM_BS_GSM217407","variant_set_id":"AM_VS_HG18","created":{"$date":"2017-03-26T18:58:54.759Z"},"updated":{"$date":"2017-03-26T18:58:54.759Z"}}
{"_id":{"$oid":"58d80f80c6c5571aff958601"},"id":"PGX_AM_CS_GSM217408","biosample_id":"PGX_AM_BS_GSM217408","variant_set_id":"AM_VS_HG18","created":{"$date":"2017-03-26T18:58:54.759Z"},"updated":{"$date":"2017-03-26T18:58:54.759Z"}}
{"_id":{"$oid":"58d80f80c6c5571aff958602"},"id":"PGX_AM_CS_GSM217409","biosample_id":"PGX_AM_BS_GSM217409","variant_set_id":"AM_VS_HG18","created":{"$date":"2017-03-26T18:58:54.760Z"},"updated":{"$date":"2017-03-26T18:58:54.760Z"}}
{"_id":{"$oid":"58d80f80c6c5571aff958603"},"id":"PGX_AM_CS_GSM217410","biosample_id":"PGX_AM_BS_GSM217410","variant_set_id":"AM_VS_HG18","created":{"$date":"2017-03-26T18:58:54.761Z"},"updated":{"$date":"2017-03-26T18:58:54.761Z"}}
{"_id":{"$oid":"58d80f80c6c5571aff958604"},"id":"PGX_AM_CS_GSM217411","biosample_id":"PGX_AM_BS_GSM217411","variant_set_id":"AM_VS_HG18","created":{"$date":"2017-03-26T18:58:54.761Z"},"updated":{"$date":"2017-03-26T18:58:54.761Z"}}
{"_id":{"$oid":"58d80f80c6c5571aff958605"},"id":"PGX_AM_CS_GSM217412","biosample_id":"PGX_AM_BS_GSM217412","variant_set_id":"AM_VS_HG18","created":{"$date":"2017-03-26T18:58:54.762Z"},"updated":{"$date":"2017-03-26T18:58:54.762Z"}}
{"_id":{"$oid":"58d80f80c6c5571aff958606"},"id":"PGX_AM_CS_GSM217413","biosample_id":"PGX_AM_BS_GSM217413","variant_set_id":"AM_VS_HG18","created":{"$date":"2017-03-26T18:58:54.763Z"},"updated":{"$date":"2017-03-26T18:58:54.763Z"}}
{"_id":{"$oid":"58d80f80c6c5571aff958607"},"id":"PGX_AM_CS_GSM217414","biosample_id":"PGX_AM_BS_GSM217414","variant_set_id":"AM_VS_HG18","created":{"$date":"2017-03-26T18:58:54.764Z"},"updated":{"$date":"2017-03-26T18:58:54.764Z"}}
{"_id":{"$oid":"58d80f80c6c5571aff958608"},"id":"PGX_AM_CS_GSM217415","biosample_id":"PGX_AM_BS_GSM217415","variant_set_id":"AM_VS_HG18","created":{"$date":"2017-03-26T18:58:54.765Z"},"updated":{"$date":"2017-03-26T18:58:54.765Z"}}
{"_id":{"$oid":"58d80f80c6c5571aff958609"},"id":"PGX_AM_CS_GSM217416","biosample_id":"PGX_AM_BS_GSM217416","variant_set_id":"AM_VS_HG18","created":{"$date":"2017-03-26T18:58:54.765Z"},"updated":{"$date":"2017-03-26T18:58:54.765Z"}}
{"_id":{"$oid":"58d80f80c6c5571aff95860a"},"id":"PGX_AM_CS_GSM217417","biosample_id":"PGX_AM_BS_GSM217417","variant_set_id":"AM_VS_HG18","created":{"$date":"2017-03-26T18:58:54.766Z"},"updated":{"$date":"2017-03-26T18:58:54.766Z"}}
{"_id":{"$oid":"58d80f80c6c5571aff95860b"},"id":"PGX_AM_CS_GSM217418","biosample_id":"PGX_AM_BS_GSM217418","variant_set_id":"AM_VS_HG18","created":{"$date":"2017-03-26T18:58:54.767Z"},"updated":{"$date":"2017-03-26T18:58:54.767Z"}}
{"_id":{"$oid":"58d80f80c6c5571aff95860c"},"id":"PGX_AM_CS_GSM217419","biosample_id":"PGX_AM_BS_GSM217419","variant_set_id":"AM_VS_HG18","created":{"$date":"2017-03-26T18:58:54.768Z"},"updated":{"$date":"2017-03-26T18:58:54.768Z"}}
{"_id":{"$oid":"58d80f80c6c5571aff95860d"},"id":"PGX_AM_CS_GSM217420","biosample_id":"PGX_AM_BS_GSM217420","variant_set_id":"AM_VS_HG18","created":{"$date":"2017-03-26T18:58:54.768Z"},"updated":{"$date":"2017-03-26T18:58:54.768Z"}}
{"_id":{"$oid":"58d80f80c6c5571aff95860e"},"id":"PGX_AM_CS_GSM217421","biosample_id":"PGX_AM_BS_GSM217421","variant_set_id":"AM_VS_HG18","created":{"$date":"2017-03-26T18:58:54.769Z"},"updated":{"$date":"2017-03-26T18:58:54.769Z"}}
{"_id":{"$oid":"58d80f80c6c5571aff95860f"},"id":"PGX_AM_CS_GSM217422","biosample_id":"PGX_AM_BS_GSM217422","variant_set_id":"AM_VS_HG18","created":{"$date":"2017-03-26T18:58:54.769Z"},"updated":{"$date":"2017-03-26T18:58:54.769Z"}}
{"_id":{"$oid":"58d80f80c6c5571aff958610"},"id":"PGX_AM_CS_GSM217423","biosample_id":"PGX_AM_BS_GSM217423","variant_set_id":"AM_VS_HG18","created":{"$date":"2017-03-26T18:58:54.770Z"},"updated":{"$date":"2017-03-26T18:58:54.770Z"}}
{"_id":{"$oid":"58d80f80c6c5571aff958611"},"id":"PGX_AM_CS_GSM217424","biosample_id":"PGX_AM_BS_GSM217424","variant_set_id":"AM_VS_HG18","created":{"$date":"2017-03-26T18:58:54.771Z"},"updated":{"$date":"2017-03-26T18:58:54.771Z"}}
{"_id":{"$oid":"58d80f80c6c5571aff958612"},"id":"PGX_AM_CS_GSM217425","biosample_id":"PGX_AM_BS_GSM217425","variant_set_id":"AM_VS_HG18","created":{"$date":"2017-03-26T18:58:54.771Z"},"updated":{"$date":"2017-03-26T18:58:54.771Z"}}
{"_id":{"$oid":"58d80f80c6c5571aff958613"},"id":"PGX_AM_CS_GSM217426","biosample_id":"PGX_AM_BS_GSM217426","variant_set_id":"AM_VS_HG18","created":{"$date":"2017-03-26T18:58:54.772Z"},"updated":{"$date":"2017-03-26T18:58:54.772Z"}}
{"_id":{"$oid":"58d80f80c6c5571aff958614"},"id":"PGX_AM_CS_GSM217427","biosample_id":"PGX_AM_BS_GSM217427","variant_set_id":"AM_VS_HG18","created":{"$date":"2017-03-26T18:58:54.772Z"},"updated":{"$date":"2017-03-26T18:58:54.772Z"}}
{"_id":{"$oid":"58d80f80c6c5571aff958615"},"id":"PGX_AM_CS_GSM217428","biosample_id":"PGX_AM_BS_GSM217428","variant_set_id":"AM_VS_HG18","created":{"$date":"2017-03-26T18:58:54.773Z"},"updated":{"$date":"2017-03-26T18:58:54.773Z"}}
{"_id":{"$oid":"58d80f80c6c5571aff958616"},"id":"PGX_AM_CS_GSM217429","biosample_id":"PGX_AM_BS_GSM217429","variant_set_id":"AM_VS_HG18","created":{"$date":"2017-03-26T18:58:54.773Z"},"updated":{"$date":"2017-03-26T18:58:54.773Z"}}
{"_id":{"$oid":"58d80f80c6c5571aff958617"},"id":"PGX_AM_CS_GSM217430","biosample_id":"PGX_AM_BS_GSM217430","variant_set_id":"AM_VS_HG18","created":{"$date":"2017-03-26T18:58:54.774Z"},"updated":{"$date":"2017-03-26T18:58:54.774Z"}}
{"_id":{"$oid":"58d80f80c6c5571aff958618"},"id":"PGX_AM_CS_GSM217431","biosample_id":"PGX_AM_BS_GSM217431","variant_set_id":"AM_VS_HG18","created":{"$date":"2017-03-26T18:58:54.775Z"},"updated":{"$date":"2017-03-26T18:58:54.775Z"}}
{"_id":{"$oid":"58d80f80c6c5571aff958619"},"id":"PGX_AM_CS_GSM217433","biosample_id":"PGX_AM_BS_GSM217433","variant_set_id":"AM_VS_HG18","created":{"$date":"2017-03-26T18:58:54.775Z"},"updated":{"$date":"2017-03-26T18:58:54.775Z"}}
{"_id":{"$oid":"58d80f80c6c5571aff95861a"},"id":"PGX_AM_CS_GSM217434","biosample_id":"PGX_AM_BS_GSM217434","variant_set_id":"AM_VS_HG18","created":{"$date":"2017-03-26T18:58:54.776Z"},"updated":{"$date":"2017-03-26T18:58:54.776Z"}}
{"_id":{"$oid":"58d80f80c6c5571aff95861b"},"id":"PGX_AM_CS_GSM217435","biosample_id":"PGX_AM_BS_GSM217435","variant_set_id":"AM_VS_HG18","created":{"$date":"2017-03-26T18:58:54.777Z"},"updated":{"$date":"2017-03-26T18:58:54.777Z"}}
{"_id":{"$oid":"58d80f80c6c5571aff95861c"},"id":"PGX_AM_CS_GSM217459","biosample_id":"PGX_AM_BS_GSM217459","variant_set_id":"AM_VS_HG18","created":{"$date":"2017-03-26T18:58:54.778Z"},"updated":{"$date":"2017-03-26T18:58:54.778Z"}}
{"_id":{"$oid":"58d80f80c6c5571aff95861d"},"id":"PGX_AM_CS_GSM217437","biosample_id":"PGX_AM_BS_GSM217437","variant_set_id":"AM_VS_HG18","created":{"$date":"2017-03-26T18:58:54.779Z"},"updated":{"$date":"2017-03-26T18:58:54.779Z"}}
{"_id":{"$oid":"58d80f80c6c5571aff95861e"},"id":"PGX_AM_CS_GSM217438","biosample_id":"PGX_AM_BS_GSM217438","variant_set_id":"AM_VS_HG18","created":{"$date":"2017-03-26T18:58:54.779Z"},"updated":{"$date":"2017-03-26T18:58:54.779Z"}}
{"_id":{"$oid":"58d80f80c6c5571aff95861f"},"id":"PGX_AM_CS_GSM217439","biosample_id":"PGX_AM_BS_GSM217439","variant_set_id":"AM_VS_HG18","created":{"$date":"2017-03-26T18:58:54.780Z"},"updated":{"$date":"2017-03-26T18:58:54.780Z"}}
{"_id":{"$oid":"58d80f80c6c5571aff958620"},"id":"PGX_AM_CS_GSM217440","biosample_id":"PGX_AM_BS_GSM217440","variant_set_id":"AM_VS_HG18","created":{"$date":"2017-03-26T18:58:54.780Z"},"updated":{"$date":"2017-03-26T18:58:54.780Z"}}
{"_id":{"$oid":"58d80f80c6c5571aff958621"},"id":"PGX_AM_CS_GSM217442","biosample_id":"PGX_AM_BS_GSM217442","variant_set_id":"AM_VS_HG18","created":{"$date":"2017-03-26T18:58:54.781Z"},"updated":{"$date":"2017-03-26T18:58:54.781Z"}}
{"_id":{"$oid":"58d80f80c6c5571aff958622"},"id":"PGX_AM_CS_GSM217443","biosample_id":"PGX_AM_BS_GSM217443","variant_set_id":"AM_VS_HG18","created":{"$date":"2017-03-26T18:58:54.782Z"},"updated":{"$date":"2017-03-26T18:58:54.782Z"}}
{"_id":{"$oid":"58d80f80c6c5571aff958623"},"id":"PGX_AM_CS_GSM217444","biosample_id":"PGX_AM_BS_GSM217444","variant_set_id":"AM_VS_HG18","created":{"$date":"2017-03-26T18:58:54.782Z"},"updated":{"$date":"2017-03-26T18:58:54.782Z"}}
{"_id":{"$oid":"58d80f80c6c5571aff958624"},"id":"PGX_AM_CS_GSM217445","biosample_id":"PGX_AM_BS_GSM217445","variant_set_id":"AM_VS_HG18","created":{"$date":"2017-03-26T18:58:54.783Z"},"updated":{"$date":"2017-03-26T18:58:54.783Z"}}
{"_id":{"$oid":"58d80f80c6c5571aff958625"},"id":"PGX_AM_CS_GSM217446","biosample_id":"PGX_AM_BS_GSM217446","variant_set_id":"AM_VS_HG18","created":{"$date":"2017-03-26T18:58:54.784Z"},"updated":{"$date":"2017-03-26T18:58:54.784Z"}}
{"_id":{"$oid":"58d80f80c6c5571aff958626"},"id":"PGX_AM_CS_GSM217447","biosample_id":"PGX_AM_BS_GSM217447","variant_set_id":"AM_VS_HG18","created":{"$date":"2017-03-26T18:58:54.785Z"},"updated":{"$date":"2017-03-26T18:58:54.785Z"}}
{"_id":{"$oid":"58d80f80c6c5571aff958627"},"id":"PGX_AM_CS_GSM217448","biosample_id":"PGX_AM_BS_GSM217448","variant_set_id":"AM_VS_HG18","created":{"$date":"2017-03-26T18:58:54.786Z"},"updated":{"$date":"2017-03-26T18:58:54.786Z"}}
{"_id":{"$oid":"58d80f80c6c5571aff958628"},"id":"PGX_AM_CS_GSM217449","biosample_id":"PGX_AM_BS_GSM217449","variant_set_id":"AM_VS_HG18","created":{"$date":"2017-03-26T18:58:54.787Z"},"updated":{"$date":"2017-03-26T18:58:54.787Z"}}
{"_id":{"$oid":"58d80f80c6c5571aff958629"},"id":"PGX_AM_CS_GSM217450","biosample_id":"PGX_AM_BS_GSM217450","variant_set_id":"AM_VS_HG18","created":{"$date":"2017-03-26T18:58:54.787Z"},"updated":{"$date":"2017-03-26T18:58:54.787Z"}}
{"_id":{"$oid":"58d80f80c6c5571aff95862a"},"id":"PGX_AM_CS_GSM217451","biosample_id":"PGX_AM_BS_GSM217451","variant_set_id":"AM_VS_HG18","created":{"$date":"2017-03-26T18:58:54.788Z"},"updated":{"$date":"2017-03-26T18:58:54.788Z"}}
{"_id":{"$oid":"58d80f80c6c5571aff95862b"},"id":"PGX_AM_CS_GSM217452","biosample_id":"PGX_AM_BS_GSM217452","variant_set_id":"AM_VS_HG18","created":{"$date":"2017-03-26T18:58:54.788Z"},"updated":{"$date":"2017-03-26T18:58:54.788Z"}}
{"_id":{"$oid":"58d80f80c6c5571aff95862c"},"id":"PGX_AM_CS_GSM217453","biosample_id":"PGX_AM_BS_GSM217453","variant_set_id":"AM_VS_HG18","created":{"$date":"2017-03-26T18:58:54.789Z"},"updated":{"$date":"2017-03-26T18:58:54.789Z"}}
{"_id":{"$oid":"58d80f80c6c5571aff95862d"},"id":"PGX_AM_CS_GSM217454","biosample_id":"PGX_AM_BS_GSM217454","variant_set_id":"AM_VS_HG18","created":{"$date":"2017-03-26T18:58:54.789Z"},"updated":{"$date":"2017-03-26T18:58:54.789Z"}}
{"_id":{"$oid":"58d80f80c6c5571aff95862e"},"id":"PGX_AM_CS_GSM217455","biosample_id":"PGX_AM_BS_GSM217455","variant_set_id":"AM_VS_HG18","created":{"$date":"2017-03-26T18:58:54.790Z"},"updated":{"$date":"2017-03-26T18:58:54.790Z"}}
{"_id":{"$oid":"58d80f80c6c5571aff95862f"},"id":"PGX_AM_CS_GSM217456","biosample_id":"PGX_AM_BS_GSM217456","variant_set_id":"AM_VS_HG18","created":{"$date":"2017-03-26T18:58:54.791Z"},"updated":{"$date":"2017-03-26T18:58:54.791Z"}}
{"_id":{"$oid":"58d80f80c6c5571aff958630"},"id":"PGX_AM_CS_GSM217457","biosample_id":"PGX_AM_BS_GSM217457","variant_set_id":"AM_VS_HG18","created":{"$date":"2017-03-26T18:58:54.791Z"},"updated":{"$date":"2017-03-26T18:58:54.791Z"}}
{"_id":{"$oid":"58d80f80c6c5571aff958631"},"id":"PGX_AM_CS_GSM217458","biosample_id":"PGX_AM_BS_GSM217458","variant_set_id":"AM_VS_HG18","created":{"$date":"2017-03-26T18:58:54.792Z"},"updated":{"$date":"2017-03-26T18:58:54.792Z"}}
{"_id":{"$oid":"58d80f80c6c5571aff958632"},"id":"PGX_AM_CS_GSM217436","biosample_id":"PGX_AM_BS_GSM217436","variant_set_id":"AM_VS_HG18","created":{"$date":"2017-03-26T18:58:54.792Z"},"updated":{"$date":"2017-03-26T18:58:54.792Z"}}
{"_id":{"$oid":"58d80f80c6c5571aff958633"},"id":"PGX_AM_CS_GSM217460","biosample_id":"PGX_AM_BS_GSM217460","variant_set_id":"AM_VS_HG18","created":{"$date":"2017-03-26T18:58:54.793Z"},"updated":{"$date":"2017-03-26T18:58:54.793Z"}}
{"_id":{"$oid":"58d80f80c6c5571aff958634"},"id":"PGX_AM_CS_GSM217461","biosample_id":"PGX_AM_BS_GSM217461","variant_set_id":"AM_VS_HG18","created":{"$date":"2017-03-26T18:58:54.793Z"},"updated":{"$date":"2017-03-26T18:58:54.793Z"}}
{"_id":{"$oid":"58d80f80c6c5571aff958635"},"id":"PGX_AM_CS_GSM217462","biosample_id":"PGX_AM_BS_GSM217462","variant_set_id":"AM_VS_HG18","created":{"$date":"2017-03-26T18:58:54.794Z"},"updated":{"$date":"2017-03-26T18:58:54.794Z"}}
{"_id":{"$oid":"58d80f80c6c5571aff958636"},"id":"PGX_AM_CS_GSM217463","biosample_id":"PGX_AM_BS_GSM217463","variant_set_id":"AM_VS_HG18","created":{"$date":"2017-03-26T18:58:54.794Z"},"updated":{"$date":"2017-03-26T18:58:54.794Z"}}
{"_id":{"$oid":"58d80f80c6c5571aff958637"},"id":"PGX_AM_CS_GSM217464","biosample_id":"PGX_AM_BS_GSM217464","variant_set_id":"AM_VS_HG18","created":{"$date":"2017-03-26T18:58:54.795Z"},"updated":{"$date":"2017-03-26T18:58:54.795Z"}}
{"_id":{"$oid":"58d80f80c6c5571aff958638"},"id":"PGX_AM_CS_GSM217465","biosample_id":"PGX_AM_BS_GSM217465","variant_set_id":"AM_VS_HG18","created":{"$date":"2017-03-26T18:58:54.795Z"},"updated":{"$date":"2017-03-26T18:58:54.795Z"}}
{"_id":{"$oid":"58d80f80c6c5571aff958639"},"id":"PGX_AM_CS_GSM217466","biosample_id":"PGX_AM_BS_GSM217466","variant_set_id":"AM_VS_HG18","created":{"$date":"2017-03-26T18:58:54.796Z"},"updated":{"$date":"2017-03-26T18:58:54.796Z"}}
{"_id":{"$oid":"58d80f80c6c5571aff95863a"},"id":"PGX_AM_CS_GSM217467","biosample_id":"PGX_AM_BS_GSM217467","variant_set_id":"AM_VS_HG18","created":{"$date":"2017-03-26T18:58:54.797Z"},"updated":{"$date":"2017-03-26T18:58:54.797Z"}}
{"_id":{"$oid":"58d80f80c6c5571aff95863b"},"id":"PGX_AM_CS_GSM217468","biosample_id":"PGX_AM_BS_GSM217468","variant_set_id":"AM_VS_HG18","created":{"$date":"2017-03-26T18:58:54.797Z"},"updated":{"$date":"2017-03-26T18:58:54.797Z"}}
{"_id":{"$oid":"58d80f80c6c5571aff95863c"},"id":"PGX_AM_CS_GSM217469","biosample_id":"PGX_AM_BS_GSM217469","variant_set_id":"AM_VS_HG18","created":{"$date":"2017-03-26T18:58:54.798Z"},"updated":{"$date":"2017-03-26T18:58:54.798Z"}}
{"_id":{"$oid":"58d80f80c6c5571aff95863d"},"id":"PGX_AM_CS_GSM217470","biosample_id":"PGX_AM_BS_GSM217470","variant_set_id":"AM_VS_HG18","created":{"$date":"2017-03-26T18:58:54.798Z"},"updated":{"$date":"2017-03-26T18:58:54.798Z"}}
{"_id":{"$oid":"58d80f80c6c5571aff95863e"},"id":"PGX_AM_CS_GSM217471","biosample_id":"PGX_AM_BS_GSM217471","variant_set_id":"AM_VS_HG18","created":{"$date":"2017-03-26T18:58:54.799Z"},"updated":{"$date":"2017-03-26T18:58:54.799Z"}}
{"_id":{"$oid":"58d80f80c6c5571aff95863f"},"id":"PGX_AM_CS_GSM217472","biosample_id":"PGX_AM_BS_GSM217472","variant_set_id":"AM_VS_HG18","created":{"$date":"2017-03-26T18:58:54.799Z"},"updated":{"$date":"2017-03-26T18:58:54.799Z"}}
{"_id":{"$oid":"58d80f80c6c5571aff958640"},"id":"PGX_AM_CS_GSM217474","biosample_id":"PGX_AM_BS_GSM217474","variant_set_id":"AM_VS_HG18","created":{"$date":"2017-03-26T18:58:54.800Z"},"updated":{"$date":"2017-03-26T18:58:54.800Z"}}
{"_id":{"$oid":"58d80f80c6c5571aff958641"},"id":"PGX_AM_CS_GSM217475","biosample_id":"PGX_AM_BS_GSM217475","variant_set_id":"AM_VS_HG18","created":{"$date":"2017-03-26T18:58:54.801Z"},"updated":{"$date":"2017-03-26T18:58:54.801Z"}}
{"_id":{"$oid":"58d80f80c6c5571aff958642"},"id":"PGX_AM_CS_GSM217476","biosample_id":"PGX_AM_BS_GSM217476","variant_set_id":"AM_VS_HG18","created":{"$date":"2017-03-26T18:58:54.801Z"},"updated":{"$date":"2017-03-26T18:58:54.801Z"}}
{"_id":{"$oid":"58d80f80c6c5571aff958643"},"id":"PGX_AM_CS_GSM217477","biosample_id":"PGX_AM_BS_GSM217477","variant_set_id":"AM_VS_HG18","created":{"$date":"2017-03-26T18:58:54.802Z"},"updated":{"$date":"2017-03-26T18:58:54.802Z"}}
{"_id":{"$oid":"58d80f80c6c5571aff958644"},"id":"PGX_AM_CS_GSM217478","biosample_id":"PGX_AM_BS_GSM217478","variant_set_id":"AM_VS_HG18","created":{"$date":"2017-03-26T18:59:00.630Z"},"updated":{"$date":"2017-03-26T18:59:00.630Z"}}
{"_id":{"$oid":"58d80f80c6c5571aff958645"},"id":"PGX_AM_CS_GSM217479","biosample_id":"PGX_AM_BS_GSM217479","variant_set_id":"AM_VS_HG18","created":{"$date":"2017-03-26T18:59:00.631Z"},"updated":{"$date":"2017-03-26T18:59:00.631Z"}}
{"_id":{"$oid":"58d80f80c6c5571aff958646"},"id":"PGX_AM_CS_GSM217480","biosample_id":"PGX_AM_BS_GSM217480","variant_set_id":"AM_VS_HG18","created":{"$date":"2017-03-26T18:59:00.631Z"},"updated":{"$date":"2017-03-26T18:59:00.631Z"}}
{"_id":{"$oid":"58d80f80c6c5571aff958647"},"id":"PGX_AM_CS_GSM217481","biosample_id":"PGX_AM_BS_GSM217481","variant_set_id":"AM_VS_HG18","created":{"$date":"2017-03-26T18:59:00.632Z"},"updated":{"$date":"2017-03-26T18:59:00.632Z"}}
{"_id":{"$oid":"58d80f80c6c5571aff958648"},"id":"PGX_AM_CS_GSM217482","biosample_id":"PGX_AM_BS_GSM217482","variant_set_id":"AM_VS_HG18","created":{"$date":"2017-03-26T18:59:00.632Z"},"updated":{"$date":"2017-03-26T18:59:00.632Z"}}
{"_id":{"$oid":"58d80f80c6c5571aff958649"},"id":"PGX_AM_CS_GSM217483","biosample_id":"PGX_AM_BS_GSM217483","variant_set_id":"AM_VS_HG18","created":{"$date":"2017-03-26T18:59:00.633Z"},"updated":{"$date":"2017-03-26T18:59:00.633Z"}}
{"_id":{"$oid":"58d80f80c6c5571aff95864a"},"id":"PGX_AM_CS_GSM217484","biosample_id":"PGX_AM_BS_GSM217484","variant_set_id":"AM_VS_HG18","created":{"$date":"2017-03-26T18:59:00.633Z"},"updated":{"$date":"2017-03-26T18:59:00.633Z"}}
{"_id":{"$oid":"58d80f80c6c5571aff95864b"},"id":"PGX_AM_CS_GSM217485","biosample_id":"PGX_AM_BS_GSM217485","variant_set_id":"AM_VS_HG18","created":{"$date":"2017-03-26T18:59:00.634Z"},"updated":{"$date":"2017-03-26T18:59:00.634Z"}}
{"_id":{"$oid":"58d80f80c6c5571aff95864c"},"id":"PGX_AM_CS_GSM217486","biosample_id":"PGX_AM_BS_GSM217486","variant_set_id":"AM_VS_HG18","created":{"$date":"2017-03-26T18:59:00.635Z"},"updated":{"$date":"2017-03-26T18:59:00.635Z"}}
{"_id":{"$oid":"58d80f80c6c5571aff95864d"},"id":"PGX_AM_CS_GSM217487","biosample_id":"PGX_AM_BS_GSM217487","variant_set_id":"AM_VS_HG18","created":{"$date":"2017-03-26T18:59:00.635Z"},"updated":{"$date":"2017-03-26T18:59:00.635Z"}}
{"_id":{"$oid":"58d80f80c6c5571aff95864e"},"id":"PGX_AM_CS_GSM217488","biosample_id":"PGX_AM_BS_GSM217488","variant_set_id":"AM_VS_HG18","created":{"$date":"2017-03-26T18:59:00.636Z"},"updated":{"$date":"2017-03-26T18:59:00.636Z"}}
{"_id":{"$oid":"58d80f80c6c5571aff95864f"},"id":"PGX_AM_CS_GSM217489","biosample_id":"PGX_AM_BS_GSM217489","variant_set_id":"AM_VS_HG18","created":{"$date":"2017-03-26T18:59:00.637Z"},"updated":{"$date":"2017-03-26T18:59:00.637Z"}}
{"_id":{"$oid":"58d80f80c6c5571aff958650"},"id":"PGX_AM_CS_GSM217491","biosample_id":"PGX_AM_BS_GSM217491","variant_set_id":"AM_VS_HG18","created":{"$date":"2017-03-26T18:59:00.637Z"},"updated":{"$date":"2017-03-26T18:59:00.637Z"}}
{"_id":{"$oid":"58d80f80c6c5571aff958651"},"id":"PGX_AM_CS_GSM217492","biosample_id":"PGX_AM_BS_GSM217492","variant_set_id":"AM_VS_HG18","created":{"$date":"2017-03-26T18:59:00.638Z"},"updated":{"$date":"2017-03-26T18:59:00.638Z"}}
{"_id":{"$oid":"58d80f80c6c5571aff958652"},"id":"PGX_AM_CS_GSM217493","biosample_id":"PGX_AM_BS_GSM217493","variant_set_id":"AM_VS_HG18","created":{"$date":"2017-03-26T18:59:00.638Z"},"updated":{"$date":"2017-03-26T18:59:00.638Z"}}
{"_id":{"$oid":"58d80f80c6c5571aff958653"},"id":"PGX_AM_CS_GSM217494","biosample_id":"PGX_AM_BS_GSM217494","variant_set_id":"AM_VS_HG18","created":{"$date":"2017-03-26T18:59:00.639Z"},"updated":{"$date":"2017-03-26T18:59:00.639Z"}}
{"_id":{"$oid":"58d80f80c6c5571aff958654"},"id":"PGX_AM_CS_GSM217495","biosample_id":"PGX_AM_BS_GSM217495","variant_set_id":"AM_VS_HG18","created":{"$date":"2017-03-26T18:59:00.640Z"},"updated":{"$date":"2017-03-26T18:59:00.640Z"}}
{"_id":{"$oid":"58d80f80c6c5571aff958655"},"id":"PGX_AM_CS_GSM217496","biosample_id":"PGX_AM_BS_GSM217496","variant_set_id":"AM_VS_HG18","created":{"$date":"2017-03-26T18:59:00.640Z"},"updated":{"$date":"2017-03-26T18:59:00.640Z"}}
{"_id":{"$oid":"58d80f80c6c5571aff958656"},"id":"PGX_AM_CS_GSM217497","biosample_id":"PGX_AM_BS_GSM217497","variant_set_id":"AM_VS_HG18","created":{"$date":"2017-03-26T18:59:00.641Z"},"updated":{"$date":"2017-03-26T18:59:00.641Z"}}
{"_id":{"$oid":"58d80f80c6c5571aff958657"},"id":"PGX_AM_CS_GSM217498","biosample_id":"PGX_AM_BS_GSM217498","variant_set_id":"AM_VS_HG18","created":{"$date":"2017-03-26T18:59:00.641Z"},"updated":{"$date":"2017-03-26T18:59:00.641Z"}}
{"_id":{"$oid":"58d80f80c6c5571aff958658"},"id":"PGX_AM_CS_GSM217499","biosample_id":"PGX_AM_BS_GSM217499","variant_set_id":"AM_VS_HG18","created":{"$date":"2017-03-26T18:59:00.642Z"},"updated":{"$date":"2017-03-26T18:59:00.642Z"}}
{"_id":{"$oid":"58d80f80c6c5571aff958659"},"id":"PGX_AM_CS_GSM217500","biosample_id":"PGX_AM_BS_GSM217500","variant_set_id":"AM_VS_HG18","created":{"$date":"2017-03-26T18:59:00.642Z"},"updated":{"$date":"2017-03-26T18:59:00.642Z"}}
{"_id":{"$oid":"58d80f80c6c5571aff95865a"},"id":"PGX_AM_CS_GSM217501","biosample_id":"PGX_AM_BS_GSM217501","variant_set_id":"AM_VS_HG18","created":{"$date":"2017-03-26T18:59:00.643Z"},"updated":{"$date":"2017-03-26T18:59:00.643Z"}}
{"_id":{"$oid":"58d80f80c6c5571aff95865b"},"id":"PGX_AM_CS_GSM217502","biosample_id":"PGX_AM_BS_GSM217502","variant_set_id":"AM_VS_HG18","created":{"$date":"2017-03-26T18:59:00.644Z"},"updated":{"$date":"2017-03-26T18:59:00.644Z"}}
{"_id":{"$oid":"58d80f80c6c5571aff95865c"},"id":"PGX_AM_CS_GSM217503","biosample_id":"PGX_AM_BS_GSM217503","variant_set_id":"AM_VS_HG18","created":{"$date":"2017-03-26T18:59:00.644Z"},"updated":{"$date":"2017-03-26T18:59:00.644Z"}}
{"_id":{"$oid":"58d80f80c6c5571aff95865d"},"id":"PGX_AM_CS_GSM217504","biosample_id":"PGX_AM_BS_GSM217504","variant_set_id":"AM_VS_HG18","created":{"$date":"2017-03-26T18:59:00.645Z"},"updated":{"$date":"2017-03-26T18:59:00.645Z"}}
{"_id":{"$oid":"58d80f80c6c5571aff95865e"},"id":"PGX_AM_CS_GSM217505","biosample_id":"PGX_AM_BS_GSM217505","variant_set_id":"AM_VS_HG18","created":{"$date":"2017-03-26T18:59:00.645Z"},"updated":{"$date":"2017-03-26T18:59:00.645Z"}}
{"_id":{"$oid":"58d80f80c6c5571aff95865f"},"id":"PGX_AM_CS_GSM217506","biosample_id":"PGX_AM_BS_GSM217506","variant_set_id":"AM_VS_HG18","created":{"$date":"2017-03-26T18:59:00.646Z"},"updated":{"$date":"2017-03-26T18:59:00.646Z"}}
{"_id":{"$oid":"58d80f80c6c5571aff958660"},"id":"PGX_AM_CS_GSM217507","biosample_id":"PGX_AM_BS_GSM217507","variant_set_id":"AM_VS_HG18","created":{"$date":"2017-03-26T18:59:00.647Z"},"updated":{"$date":"2017-03-26T18:59:00.647Z"}}
{"_id":{"$oid":"58d80f80c6c5571aff958661"},"id":"PGX_AM_CS_GSM217508","biosample_id":"PGX_AM_BS_GSM217508","variant_set_id":"AM_VS_HG18","created":{"$date":"2017-03-26T18:59:00.647Z"},"updated":{"$date":"2017-03-26T18:59:00.647Z"}}
{"_id":{"$oid":"58d80f80c6c5571aff958662"},"id":"PGX_AM_CS_GSM217509","biosample_id":"PGX_AM_BS_GSM217509","variant_set_id":"AM_VS_HG18","created":{"$date":"2017-03-26T18:59:00.648Z"},"updated":{"$date":"2017-03-26T18:59:00.648Z"}}
{"_id":{"$oid":"58d80f80c6c5571aff958663"},"id":"PGX_AM_CS_GSM217510","biosample_id":"PGX_AM_BS_GSM217510","variant_set_id":"AM_VS_HG18","created":{"$date":"2017-03-26T18:59:00.648Z"},"updated":{"$date":"2017-03-26T18:59:00.648Z"}}
{"_id":{"$oid":"58d80f80c6c5571aff958664"},"id":"PGX_AM_CS_GSM217511","biosample_id":"PGX_AM_BS_GSM217511","variant_set_id":"AM_VS_HG18","created":{"$date":"2017-03-26T18:59:00.649Z"},"updated":{"$date":"2017-03-26T18:59:00.649Z"}}
{"_id":{"$oid":"58d80f80c6c5571aff958665"},"id":"PGX_AM_CS_GSM217512","biosample_id":"PGX_AM_BS_GSM217512","variant_set_id":"AM_VS_HG18","created":{"$date":"2017-03-26T18:59:00.649Z"},"updated":{"$date":"2017-03-26T18:59:00.649Z"}}
{"_id":{"$oid":"58d80f80c6c5571aff958666"},"id":"PGX_AM_CS_GSM217513","biosample_id":"PGX_AM_BS_GSM217513","variant_set_id":"AM_VS_HG18","created":{"$date":"2017-03-26T18:59:00.650Z"},"updated":{"$date":"2017-03-26T18:59:00.650Z"}}
{"_id":{"$oid":"58d80f80c6c5571aff958667"},"id":"PGX_AM_CS_GSM217514","biosample_id":"PGX_AM_BS_GSM217514","variant_set_id":"AM_VS_HG18","created":{"$date":"2017-03-26T18:59:00.651Z"},"updated":{"$date":"2017-03-26T18:59:00.651Z"}}
{"_id":{"$oid":"58d80f80c6c5571aff958668"},"id":"PGX_AM_CS_GSM217515","biosample_id":"PGX_AM_BS_GSM217515","variant_set_id":"AM_VS_HG18","created":{"$date":"2017-03-26T18:59:00.651Z"},"updated":{"$date":"2017-03-26T18:59:00.651Z"}}
{"_id":{"$oid":"58d80f80c6c5571aff958669"},"id":"PGX_AM_CS_GSM217516","biosample_id":"PGX_AM_BS_GSM217516","variant_set_id":"AM_VS_HG18","created":{"$date":"2017-03-26T18:59:00.652Z"},"updated":{"$date":"2017-03-26T18:59:00.652Z"}}
{"_id":{"$oid":"58d80f80c6c5571aff95866a"},"id":"PGX_AM_CS_GSM217517","biosample_id":"PGX_AM_BS_GSM217517","variant_set_id":"AM_VS_HG18","created":{"$date":"2017-03-26T18:59:00.653Z"},"updated":{"$date":"2017-03-26T18:59:00.653Z"}}
{"_id":{"$oid":"58d80f80c6c5571aff95866b"},"id":"PGX_AM_CS_GSM217518","biosample_id":"PGX_AM_BS_GSM217518","variant_set_id":"AM_VS_HG18","created":{"$date":"2017-03-26T18:59:00.653Z"},"updated":{"$date":"2017-03-26T18:59:00.653Z"}}
{"_id":{"$oid":"58d80f80c6c5571aff95866c"},"id":"PGX_AM_CS_GSM217519","biosample_id":"PGX_AM_BS_GSM217519","variant_set_id":"AM_VS_HG18","created":{"$date":"2017-03-26T18:59:00.654Z"},"updated":{"$date":"2017-03-26T18:59:00.654Z"}}
{"_id":{"$oid":"58d80f80c6c5571aff95866d"},"id":"PGX_AM_CS_GSM217520","biosample_id":"PGX_AM_BS_GSM217520","variant_set_id":"AM_VS_HG18","created":{"$date":"2017-03-26T18:59:00.655Z"},"updated":{"$date":"2017-03-26T18:59:00.655Z"}}
{"_id":{"$oid":"58d80f80c6c5571aff95866e"},"id":"PGX_AM_CS_GSM217521","biosample_id":"PGX_AM_BS_GSM217521","variant_set_id":"AM_VS_HG18","created":{"$date":"2017-03-26T18:59:00.656Z"},"updated":{"$date":"2017-03-26T18:59:00.656Z"}}
{"_id":{"$oid":"58d80f80c6c5571aff95866f"},"id":"PGX_AM_CS_GSM217522","biosample_id":"PGX_AM_BS_GSM217522","variant_set_id":"AM_VS_HG18","created":{"$date":"2017-03-26T18:59:00.656Z"},"updated":{"$date":"2017-03-26T18:59:00.656Z"}}
{"_id":{"$oid":"58d80f80c6c5571aff958670"},"id":"PGX_AM_CS_GSM217523","biosample_id":"PGX_AM_BS_GSM217523","variant_set_id":"AM_VS_HG18","created":{"$date":"2017-03-26T18:59:00.657Z"},"updated":{"$date":"2017-03-26T18:59:00.657Z"}}
{"_id":{"$oid":"58d80f80c6c5571aff958671"},"id":"PGX_AM_CS_GSM217524","biosample_id":"PGX_AM_BS_GSM217524","variant_set_id":"AM_VS_HG18","created":{"$date":"2017-03-26T18:59:00.658Z"},"updated":{"$date":"2017-03-26T18:59:00.658Z"}}
{"_id":{"$oid":"58d80f80c6c5571aff958672"},"id":"PGX_AM_CS_GSM217525","biosample_id":"PGX_AM_BS_GSM217525","variant_set_id":"AM_VS_HG18","created":{"$date":"2017-03-26T18:59:00.658Z"},"updated":{"$date":"2017-03-26T18:59:00.658Z"}}
{"_id":{"$oid":"58d80f80c6c5571aff958673"},"id":"PGX_AM_CS_GSM217526","biosample_id":"PGX_AM_BS_GSM217526","variant_set_id":"AM_VS_HG18","created":{"$date":"2017-03-26T18:59:00.659Z"},"updated":{"$date":"2017-03-26T18:59:00.659Z"}}
{"_id":{"$oid":"58d80f80c6c5571aff958674"},"id":"PGX_AM_CS_GSM217527","biosample_id":"PGX_AM_BS_GSM217527","variant_set_id":"AM_VS_HG18","created":{"$date":"2017-03-26T18:59:00.659Z"},"updated":{"$date":"2017-03-26T18:59:00.659Z"}}
{"_id":{"$oid":"58d80f80c6c5571aff958675"},"id":"PGX_AM_CS_GSM217528","biosample_id":"PGX_AM_BS_GSM217528","variant_set_id":"AM_VS_HG18","created":{"$date":"2017-03-26T18:59:00.660Z"},"updated":{"$date":"2017-03-26T18:59:00.660Z"}}
{"_id":{"$oid":"58d80f80c6c5571aff958676"},"id":"PGX_AM_CS_GSM217529","biosample_id":"PGX_AM_BS_GSM217529","variant_set_id":"AM_VS_HG18","created":{"$date":"2017-03-26T18:59:00.660Z"},"updated":{"$date":"2017-03-26T18:59:00.660Z"}}
{"_id":{"$oid":"58d80f80c6c5571aff958677"},"id":"PGX_AM_CS_GSM217530","biosample_id":"PGX_AM_BS_GSM217530","variant_set_id":"AM_VS_HG18","created":{"$date":"2017-03-26T18:59:00.661Z"},"updated":{"$date":"2017-03-26T18:59:00.661Z"}}
{"_id":{"$oid":"58d80f80c6c5571aff958678"},"id":"PGX_AM_CS_GSM217531","biosample_id":"PGX_AM_BS_GSM217531","variant_set_id":"AM_VS_HG18","created":{"$date":"2017-03-26T18:59:00.662Z"},"updated":{"$date":"2017-03-26T18:59:00.662Z"}}
{"_id":{"$oid":"58d80f80c6c5571aff958679"},"id":"PGX_AM_CS_GSM217532","biosample_id":"PGX_AM_BS_GSM217532","variant_set_id":"AM_VS_HG18","created":{"$date":"2017-03-26T18:59:00.662Z"},"updated":{"$date":"2017-03-26T18:59:00.662Z"}}
{"_id":{"$oid":"58d80f80c6c5571aff95867a"},"id":"PGX_AM_CS_GSM217533","biosample_id":"PGX_AM_BS_GSM217533","variant_set_id":"AM_VS_HG18","created":{"$date":"2017-03-26T18:59:00.663Z"},"updated":{"$date":"2017-03-26T18:59:00.663Z"}}
{"_id":{"$oid":"58d80f80c6c5571aff95867b"},"id":"PGX_AM_CS_GSM217534","biosample_id":"PGX_AM_BS_GSM217534","variant_set_id":"AM_VS_HG18","created":{"$date":"2017-03-26T18:59:00.663Z"},"updated":{"$date":"2017-03-26T18:59:00.663Z"}}
{"_id":{"$oid":"58d80f80c6c5571aff95867c"},"id":"PGX_AM_CS_GSM217535","biosample_id":"PGX_AM_BS_GSM217535","variant_set_id":"AM_VS_HG18","created":{"$date":"2017-03-26T18:59:00.664Z"},"updated":{"$date":"2017-03-26T18:59:00.664Z"}}
{"_id":{"$oid":"58d80f80c6c5571aff95867d"},"id":"PGX_AM_CS_GSM217536","biosample_id":"PGX_AM_BS_GSM217536","variant_set_id":"AM_VS_HG18","created":{"$date":"2017-03-26T18:59:00.665Z"},"updated":{"$date":"2017-03-26T18:59:00.665Z"}}
{"_id":{"$oid":"58d80f80c6c5571aff95867e"},"id":"PGX_AM_CS_GSM217537","biosample_id":"PGX_AM_BS_GSM217537","variant_set_id":"AM_VS_HG18","created":{"$date":"2017-03-26T18:59:00.666Z"},"updated":{"$date":"2017-03-26T18:59:00.666Z"}}
{"_id":{"$oid":"58d80f80c6c5571aff95867f"},"id":"PGX_AM_CS_GSM217538","biosample_id":"PGX_AM_BS_GSM217538","variant_set_id":"AM_VS_HG18","created":{"$date":"2017-03-26T18:59:00.666Z"},"updated":{"$date":"2017-03-26T18:59:00.666Z"}}
{"_id":{"$oid":"58d80f80c6c5571aff958680"},"id":"PGX_AM_CS_GSM217539","biosample_id":"PGX_AM_BS_GSM217539","variant_set_id":"AM_VS_HG18","created":{"$date":"2017-03-26T18:59:00.667Z"},"updated":{"$date":"2017-03-26T18:59:00.667Z"}}
{"_id":{"$oid":"58d80f80c6c5571aff958681"},"id":"PGX_AM_CS_GSM217540","biosample_id":"PGX_AM_BS_GSM217540","variant_set_id":"AM_VS_HG18","created":{"$date":"2017-03-26T18:59:00.668Z"},"updated":{"$date":"2017-03-26T18:59:00.668Z"}}
{"_id":{"$oid":"58d80f80c6c5571aff958682"},"id":"PGX_AM_CS_GSM217541","biosample_id":"PGX_AM_BS_GSM217541","variant_set_id":"AM_VS_HG18","created":{"$date":"2017-03-26T18:59:00.668Z"},"updated":{"$date":"2017-03-26T18:59:00.668Z"}}
{"_id":{"$oid":"58d80f80c6c5571aff958683"},"id":"PGX_AM_CS_GSM217542","biosample_id":"PGX_AM_BS_GSM217542","variant_set_id":"AM_VS_HG18","created":{"$date":"2017-03-26T18:59:00.669Z"},"updated":{"$date":"2017-03-26T18:59:00.669Z"}}
{"_id":{"$oid":"58d80f80c6c5571aff958684"},"id":"PGX_AM_CS_GSM217543","biosample_id":"PGX_AM_BS_GSM217543","variant_set_id":"AM_VS_HG18","created":{"$date":"2017-03-26T18:59:00.669Z"},"updated":{"$date":"2017-03-26T18:59:00.669Z"}}
{"_id":{"$oid":"58d80f80c6c5571aff958685"},"id":"PGX_AM_CS_GSM217544","biosample_id":"PGX_AM_BS_GSM217544","variant_set_id":"AM_VS_HG18","created":{"$date":"2017-03-26T18:59:00.670Z"},"updated":{"$date":"2017-03-26T18:59:00.670Z"}}
{"_id":{"$oid":"58d80f80c6c5571aff958686"},"id":"PGX_AM_CS_GSM217545","biosample_id":"PGX_AM_BS_GSM217545","variant_set_id":"AM_VS_HG18","created":{"$date":"2017-03-26T18:59:00.671Z"},"updated":{"$date":"2017-03-26T18:59:00.671Z"}}
{"_id":{"$oid":"58d80f80c6c5571aff958687"},"id":"PGX_AM_CS_GSM217546","biosample_id":"PGX_AM_BS_GSM217546","variant_set_id":"AM_VS_HG18","created":{"$date":"2017-03-26T18:59:00.671Z"},"updated":{"$date":"2017-03-26T18:59:00.671Z"}}
{"_id":{"$oid":"58d80f80c6c5571aff958688"},"id":"PGX_AM_CS_GSM217547","biosample_id":"PGX_AM_BS_GSM217547","variant_set_id":"AM_VS_HG18","created":{"$date":"2017-03-26T18:59:00.672Z"},"updated":{"$date":"2017-03-26T18:59:00.672Z"}}
{"_id":{"$oid":"58d80f80c6c5571aff958689"},"id":"PGX_AM_CS_GSM217549","biosample_id":"PGX_AM_BS_GSM217549","variant_set_id":"AM_VS_HG18","created":{"$date":"2017-03-26T18:59:00.672Z"},"updated":{"$date":"2017-03-26T18:59:00.672Z"}}
{"_id":{"$oid":"58d80f80c6c5571aff95868a"},"id":"PGX_AM_CS_GSM217550","biosample_id":"PGX_AM_BS_GSM217550","variant_set_id":"AM_VS_HG18","created":{"$date":"2017-03-26T18:59:00.673Z"},"updated":{"$date":"2017-03-26T18:59:00.673Z"}}
{"_id":{"$oid":"58d80f80c6c5571aff95868b"},"id":"PGX_AM_CS_GSM217551","biosample_id":"PGX_AM_BS_GSM217551","variant_set_id":"AM_VS_HG18","created":{"$date":"2017-03-26T18:59:00.674Z"},"updated":{"$date":"2017-03-26T18:59:00.674Z"}}
{"_id":{"$oid":"58d80f80c6c5571aff95868c"},"id":"PGX_AM_CS_GSM217552","biosample_id":"PGX_AM_BS_GSM217552","variant_set_id":"AM_VS_HG18","created":{"$date":"2017-03-26T18:59:00.674Z"},"updated":{"$date":"2017-03-26T18:59:00.674Z"}}
{"_id":{"$oid":"58d80f80c6c5571aff95868d"},"id":"PGX_AM_CS_GSM217553","biosample_id":"PGX_AM_BS_GSM217553","variant_set_id":"AM_VS_HG18","created":{"$date":"2017-03-26T18:59:00.675Z"},"updated":{"$date":"2017-03-26T18:59:00.675Z"}}
{"_id":{"$oid":"58d80f80c6c5571aff95868e"},"id":"PGX_AM_CS_GSM217554","biosample_id":"PGX_AM_BS_GSM217554","variant_set_id":"AM_VS_HG18","created":{"$date":"2017-03-26T18:59:00.676Z"},"updated":{"$date":"2017-03-26T18:59:00.676Z"}}
{"_id":{"$oid":"58d80f80c6c5571aff95868f"},"id":"PGX_AM_CS_GSM217555","biosample_id":"PGX_AM_BS_GSM217555","variant_set_id":"AM_VS_HG18","created":{"$date":"2017-03-26T18:59:00.676Z"},"updated":{"$date":"2017-03-26T18:59:00.676Z"}}
{"_id":{"$oid":"58d80f80c6c5571aff958690"},"id":"PGX_AM_CS_GSM217556","biosample_id":"PGX_AM_BS_GSM217556","variant_set_id":"AM_VS_HG18","created":{"$date":"2017-03-26T18:59:00.677Z"},"updated":{"$date":"2017-03-26T18:59:00.677Z"}}
{"_id":{"$oid":"58d80f80c6c5571aff958691"},"id":"PGX_AM_CS_GSM217557","biosample_id":"PGX_AM_BS_GSM217557","variant_set_id":"AM_VS_HG18","created":{"$date":"2017-03-26T18:59:00.677Z"},"updated":{"$date":"2017-03-26T18:59:00.677Z"}}
{"_id":{"$oid":"58d80f80c6c5571aff958692"},"id":"PGX_AM_CS_GSM217558","biosample_id":"PGX_AM_BS_GSM217558","variant_set_id":"AM_VS_HG18","created":{"$date":"2017-03-26T18:59:00.678Z"},"updated":{"$date":"2017-03-26T18:59:00.678Z"}}
{"_id":{"$oid":"58d80f80c6c5571aff958693"},"id":"PGX_AM_CS_GSM217559","biosample_id":"PGX_AM_BS_GSM217559","variant_set_id":"AM_VS_HG18","created":{"$date":"2017-03-26T18:59:00.679Z"},"updated":{"$date":"2017-03-26T18:59:00.679Z"}}
{"_id":{"$oid":"58d80f80c6c5571aff958694"},"id":"PGX_AM_CS_GSM217560","biosample_id":"PGX_AM_BS_GSM217560","variant_set_id":"AM_VS_HG18","created":{"$date":"2017-03-26T18:59:00.679Z"},"updated":{"$date":"2017-03-26T18:59:00.679Z"}}
{"_id":{"$oid":"58d80f80c6c5571aff958695"},"id":"PGX_AM_CS_GSM217561","biosample_id":"PGX_AM_BS_GSM217561","variant_set_id":"AM_VS_HG18","created":{"$date":"2017-03-26T18:59:00.680Z"},"updated":{"$date":"2017-03-26T18:59:00.680Z"}}
{"_id":{"$oid":"58d80f80c6c5571aff958696"},"id":"PGX_AM_CS_GSM217562","biosample_id":"PGX_AM_BS_GSM217562","variant_set_id":"AM_VS_HG18","created":{"$date":"2017-03-26T18:59:00.681Z"},"updated":{"$date":"2017-03-26T18:59:00.681Z"}}
{"_id":{"$oid":"58d80f80c6c5571aff958697"},"id":"PGX_AM_CS_GSM217563","biosample_id":"PGX_AM_BS_GSM217563","variant_set_id":"AM_VS_HG18","created":{"$date":"2017-03-26T18:59:00.681Z"},"updated":{"$date":"2017-03-26T18:59:00.681Z"}}
{"_id":{"$oid":"58d80f80c6c5571aff958698"},"id":"PGX_AM_CS_GSM217564","biosample_id":"PGX_AM_BS_GSM217564","variant_set_id":"AM_VS_HG18","created":{"$date":"2017-03-26T18:59:00.682Z"},"updated":{"$date":"2017-03-26T18:59:00.682Z"}}
{"_id":{"$oid":"58d80f80c6c5571aff958699"},"id":"PGX_AM_CS_GSM217565","biosample_id":"PGX_AM_BS_GSM217565","variant_set_id":"AM_VS_HG18","created":{"$date":"2017-03-26T18:59:00.683Z"},"updated":{"$date":"2017-03-26T18:59:00.683Z"}}
{"_id":{"$oid":"58d80f80c6c5571aff95869a"},"id":"PGX_AM_CS_GSM217566","biosample_id":"PGX_AM_BS_GSM217566","variant_set_id":"AM_VS_HG18","created":{"$date":"2017-03-26T18:59:00.683Z"},"updated":{"$date":"2017-03-26T18:59:00.683Z"}}
{"_id":{"$oid":"58d80f80c6c5571aff95869b"},"id":"PGX_AM_CS_GSM217548","biosample_id":"PGX_AM_BS_GSM217548","variant_set_id":"AM_VS_HG18","created":{"$date":"2017-03-26T18:59:00.684Z"},"updated":{"$date":"2017-03-26T18:59:00.684Z"}}
{"_id":{"$oid":"58d80f80c6c5571aff95869c"},"id":"PGX_AM_CS_BrCa-fri-S0001","biosample_id":"PGX_AM_BS_BrCa-fri-S0001","variant_set_id":"AM_VS_HG18","created":{"$date":"2017-03-26T18:59:00.685Z"},"updated":{"$date":"2017-03-26T18:59:00.685Z"}}
{"_id":{"$oid":"58d80f80c6c5571aff95869d"},"id":"PGX_AM_CS_BrCa-fri-S0013","biosample_id":"PGX_AM_BS_BrCa-fri-S0013","variant_set_id":"AM_VS_HG18","created":{"$date":"2017-03-26T18:59:00.691Z"},"updated":{"$date":"2017-03-26T18:59:00.691Z"}}
{"_id":{"$oid":"58d80f80c6c5571aff95869e"},"id":"PGX_AM_CS_BrCa-fri-S0021","biosample_id":"PGX_AM_BS_BrCa-fri-S0021","variant_set_id":"AM_VS_HG18","created":{"$date":"2017-03-26T18:59:00.692Z"},"updated":{"$date":"2017-03-26T18:59:00.692Z"}}
{"_id":{"$oid":"58d80f80c6c5571aff95869f"},"id":"PGX_AM_CS_BrCa-fri-S0033","biosample_id":"PGX_AM_BS_BrCa-fri-S0033","variant_set_id":"AM_VS_HG18","created":{"$date":"2017-03-26T18:59:00.692Z"},"updated":{"$date":"2017-03-26T18:59:00.692Z"}}
{"_id":{"$oid":"58d80f80c6c5571aff9586a0"},"id":"PGX_AM_CS_BrCa-fri-S0041","biosample_id":"PGX_AM_BS_BrCa-fri-S0041","variant_set_id":"AM_VS_HG18","created":{"$date":"2017-03-26T18:59:00.692Z"},"updated":{"$date":"2017-03-26T18:59:00.692Z"}}
{"_id":{"$oid":"58d80f80c6c5571aff9586a1"},"id":"PGX_AM_CS_BrCa-fri-S0050","biosample_id":"PGX_AM_BS_BrCa-fri-S0050","variant_set_id":"AM_VS_HG18","created":{"$date":"2017-03-26T18:59:00.693Z"},"updated":{"$date":"2017-03-26T18:59:00.693Z"}}
{"_id":{"$oid":"58d80f80c6c5571aff9586a2"},"id":"PGX_AM_CS_BrCa-fri-S0051","biosample_id":"PGX_AM_BS_BrCa-fri-S0051","variant_set_id":"AM_VS_HG18","created":{"$date":"2017-03-26T18:59:00.693Z"},"updated":{"$date":"2017-03-26T18:59:00.693Z"}}
{"_id":{"$oid":"58d80f80c6c5571aff9586a3"},"id":"PGX_AM_CS_BrCa-fri-S0052","biosample_id":"PGX_AM_BS_BrCa-fri-S0052","variant_set_id":"AM_VS_HG18","created":{"$date":"2017-03-26T18:59:00.693Z"},"updated":{"$date":"2017-03-26T18:59:00.693Z"}}
{"_id":{"$oid":"58d80f80c6c5571aff9586a4"},"id":"PGX_AM_CS_BrCa-fri-S0055","biosample_id":"PGX_AM_BS_BrCa-fri-S0055","variant_set_id":"AM_VS_HG18","created":{"$date":"2017-03-26T18:59:00.694Z"},"updated":{"$date":"2017-03-26T18:59:00.694Z"}}
{"_id":{"$oid":"58d80f80c6c5571aff9586a5"},"id":"PGX_AM_CS_BrCa-fri-S0059","biosample_id":"PGX_AM_BS_BrCa-fri-S0059","variant_set_id":"AM_VS_HG18","created":{"$date":"2017-03-26T18:59:08.043Z"},"updated":{"$date":"2017-03-26T18:59:08.043Z"}}
{"_id":{"$oid":"58d80f80c6c5571aff9586a6"},"id":"PGX_AM_CS_BrCa-fri-S0066","biosample_id":"PGX_AM_BS_BrCa-fri-S0066","variant_set_id":"AM_VS_HG18","created":{"$date":"2017-03-26T18:59:08.043Z"},"updated":{"$date":"2017-03-26T18:59:08.043Z"}}
{"_id":{"$oid":"58d80f80c6c5571aff9586a7"},"id":"PGX_AM_CS_BrCa-fri-S0077","biosample_id":"PGX_AM_BS_BrCa-fri-S0077","variant_set_id":"AM_VS_HG18","created":{"$date":"2017-03-26T18:59:08.044Z"},"updated":{"$date":"2017-03-26T18:59:08.044Z"}}
{"_id":{"$oid":"58d80f80c6c5571aff9586a8"},"id":"PGX_AM_CS_BrCa-fri-S0081","biosample_id":"PGX_AM_BS_BrCa-fri-S0081","variant_set_id":"AM_VS_HG18","created":{"$date":"2017-03-26T18:59:08.044Z"},"updated":{"$date":"2017-03-26T18:59:08.044Z"}}
{"_id":{"$oid":"58d80f80c6c5571aff9586a9"},"id":"PGX_AM_CS_BrCa-fri-S0104","biosample_id":"PGX_AM_BS_BrCa-fri-S0104","variant_set_id":"AM_VS_HG18","created":{"$date":"2017-03-26T18:59:08.044Z"},"updated":{"$date":"2017-03-26T18:59:08.044Z"}}
{"_id":{"$oid":"58d80f80c6c5571aff9586aa"},"id":"PGX_AM_CS_BrCa-fri-S0117","biosample_id":"PGX_AM_BS_BrCa-fri-S0117","variant_set_id":"AM_VS_HG18","created":{"$date":"2017-03-26T18:59:08.045Z"},"updated":{"$date":"2017-03-26T18:59:08.045Z"}}
{"_id":{"$oid":"58d80f80c6c5571aff9586ab"},"id":"PGX_AM_CS_BrCa-fri-S0126","biosample_id":"PGX_AM_BS_BrCa-fri-S0126","variant_set_id":"AM_VS_HG18","created":{"$date":"2017-03-26T18:59:08.045Z"},"updated":{"$date":"2017-03-26T18:59:08.045Z"}}
{"_id":{"$oid":"58d80f80c6c5571aff9586ac"},"id":"PGX_AM_CS_BrCa-fri-S0127","biosample_id":"PGX_AM_BS_BrCa-fri-S0127","variant_set_id":"AM_VS_HG18","created":{"$date":"2017-03-26T18:59:08.045Z"},"updated":{"$date":"2017-03-26T18:59:08.045Z"}}
{"_id":{"$oid":"58d80f80c6c5571aff9586ad"},"id":"PGX_AM_CS_BrCa-fri-S0132","biosample_id":"PGX_AM_BS_BrCa-fri-S0132","variant_set_id":"AM_VS_HG18","created":{"$date":"2017-03-26T18:59:08.045Z"},"updated":{"$date":"2017-03-26T18:59:08.045Z"}}
{"_id":{"$oid":"58d80f80c6c5571aff9586ae"},"id":"PGX_AM_CS_BrCa-fri-S0195","biosample_id":"PGX_AM_BS_BrCa-fri-S0195","variant_set_id":"AM_VS_HG18","created":{"$date":"2017-03-26T18:59:08.046Z"},"updated":{"$date":"2017-03-26T18:59:08.046Z"}}
{"_id":{"$oid":"58d80f80c6c5571aff9586af"},"id":"PGX_AM_CS_BrCa-fri-S0257","biosample_id":"PGX_AM_BS_BrCa-fri-S0257","variant_set_id":"AM_VS_HG18","created":{"$date":"2017-03-26T18:59:08.046Z"},"updated":{"$date":"2017-03-26T18:59:08.046Z"}}
{"_id":{"$oid":"58d80f80c6c5571aff9586b0"},"id":"PGX_AM_CS_BrCa-fri-S0303","biosample_id":"PGX_AM_BS_BrCa-fri-S0303","variant_set_id":"AM_VS_HG18","created":{"$date":"2017-03-26T18:59:08.046Z"},"updated":{"$date":"2017-03-26T18:59:08.046Z"}}
{"_id":{"$oid":"58d80f80c6c5571aff9586b1"},"id":"PGX_AM_CS_BrCa-fri-S1503","biosample_id":"PGX_AM_BS_BrCa-fri-S1503","variant_set_id":"AM_VS_HG18","created":{"$date":"2017-03-26T18:59:08.047Z"},"updated":{"$date":"2017-03-26T18:59:08.047Z"}}
{"_id":{"$oid":"58d80f80c6c5571aff9586b2"},"id":"PGX_AM_CS_BrCa-fri-S1504","biosample_id":"PGX_AM_BS_BrCa-fri-S1504","variant_set_id":"AM_VS_HG18","created":{"$date":"2017-03-26T18:59:08.047Z"},"updated":{"$date":"2017-03-26T18:59:08.047Z"}}
{"_id":{"$oid":"58d80f80c6c5571aff9586b3"},"id":"PGX_AM_CS_BrCa-fri-S1506","biosample_id":"PGX_AM_BS_BrCa-fri-S1506","variant_set_id":"AM_VS_HG18","created":{"$date":"2017-03-26T18:59:08.047Z"},"updated":{"$date":"2017-03-26T18:59:08.047Z"}}
{"_id":{"$oid":"58d80f80c6c5571aff9586b4"},"id":"PGX_AM_CS_BrCa-fri-S1508","biosample_id":"PGX_AM_BS_BrCa-fri-S1508","variant_set_id":"AM_VS_HG18","created":{"$date":"2017-03-26T18:59:08.047Z"},"updated":{"$date":"2017-03-26T18:59:08.047Z"}}
{"_id":{"$oid":"58d80f80c6c5571aff9586b5"},"id":"PGX_AM_CS_BrCa-fri-S1511","biosample_id":"PGX_AM_BS_BrCa-fri-S1511","variant_set_id":"AM_VS_HG18","created":{"$date":"2017-03-26T18:59:08.048Z"},"updated":{"$date":"2017-03-26T18:59:08.048Z"}}
{"_id":{"$oid":"58d80f80c6c5571aff9586b6"},"id":"PGX_AM_CS_BrCa-fri-S1515","biosample_id":"PGX_AM_BS_BrCa-fri-S1515","variant_set_id":"AM_VS_HG18","created":{"$date":"2017-03-26T18:59:08.048Z"},"updated":{"$date":"2017-03-26T18:59:08.048Z"}}
{"_id":{"$oid":"58d80f80c6c5571aff9586b7"},"id":"PGX_AM_CS_BrCa-fri-S1519","biosample_id":"PGX_AM_BS_BrCa-fri-S1519","variant_set_id":"AM_VS_HG18","created":{"$date":"2017-03-26T18:59:08.048Z"},"updated":{"$date":"2017-03-26T18:59:08.048Z"}}
{"_id":{"$oid":"58d80f80c6c5571aff9586b8"},"id":"PGX_AM_CS_BrCa-fri-S1522","biosample_id":"PGX_AM_BS_BrCa-fri-S1522","variant_set_id":"AM_VS_HG18","created":{"$date":"2017-03-26T18:59:08.048Z"},"updated":{"$date":"2017-03-26T18:59:08.048Z"}}
{"_id":{"$oid":"58d80f80c6c5571aff9586b9"},"id":"PGX_AM_CS_BrCa-fri-S1523","biosample_id":"PGX_AM_BS_BrCa-fri-S1523","variant_set_id":"AM_VS_HG18","created":{"$date":"2017-03-26T18:59:08.049Z"},"updated":{"$date":"2017-03-26T18:59:08.049Z"}}
{"_id":{"$oid":"58d80f80c6c5571aff9586ba"},"id":"PGX_AM_CS_BrCa-fri-S1524","biosample_id":"PGX_AM_BS_BrCa-fri-S1524","variant_set_id":"AM_VS_HG18","created":{"$date":"2017-03-26T18:59:08.049Z"},"updated":{"$date":"2017-03-26T18:59:08.049Z"}}
{"_id":{"$oid":"58d80f80c6c5571aff9586bb"},"id":"PGX_AM_CS_BrCa-fri-S1526","biosample_id":"PGX_AM_BS_BrCa-fri-S1526","variant_set_id":"AM_VS_HG18","created":{"$date":"2017-03-26T18:59:08.049Z"},"updated":{"$date":"2017-03-26T18:59:08.049Z"}}
{"_id":{"$oid":"58d80f80c6c5571aff9586bc"},"id":"PGX_AM_CS_BrCa-fri-S1534","biosample_id":"PGX_AM_BS_BrCa-fri-S1534","variant_set_id":"AM_VS_HG18","created":{"$date":"2017-03-26T18:59:08.050Z"},"updated":{"$date":"2017-03-26T18:59:08.050Z"}}
{"_id":{"$oid":"58d80f80c6c5571aff9586bd"},"id":"PGX_AM_CS_BrCa-fri-S1536","biosample_id":"PGX_AM_BS_BrCa-fri-S1536","variant_set_id":"AM_VS_HG18","created":{"$date":"2017-03-26T18:59:08.050Z"},"updated":{"$date":"2017-03-26T18:59:08.050Z"}}
{"_id":{"$oid":"58d80f80c6c5571aff9586be"},"id":"PGX_AM_CS_BrCa-fri-S1539","biosample_id":"PGX_AM_BS_BrCa-fri-S1539","variant_set_id":"AM_VS_HG18","created":{"$date":"2017-03-26T18:59:08.050Z"},"updated":{"$date":"2017-03-26T18:59:08.050Z"}}
{"_id":{"$oid":"58d80f80c6c5571aff9586bf"},"id":"PGX_AM_CS_BrCa-fri-S1541","biosample_id":"PGX_AM_BS_BrCa-fri-S1541","variant_set_id":"AM_VS_HG18","created":{"$date":"2017-03-26T18:59:08.050Z"},"updated":{"$date":"2017-03-26T18:59:08.050Z"}}
{"_id":{"$oid":"58d80f80c6c5571aff9586c0"},"id":"PGX_AM_CS_BrCa-fri-S1542","biosample_id":"PGX_AM_BS_BrCa-fri-S1542","variant_set_id":"AM_VS_HG18","created":{"$date":"2017-03-26T18:59:08.051Z"},"updated":{"$date":"2017-03-26T18:59:08.051Z"}}
{"_id":{"$oid":"58d80f80c6c5571aff9586c1"},"id":"PGX_AM_CS_BrCa-fri-S1545","biosample_id":"PGX_AM_BS_BrCa-fri-S1545","variant_set_id":"AM_VS_HG18","created":{"$date":"2017-03-26T18:59:08.051Z"},"updated":{"$date":"2017-03-26T18:59:08.051Z"}}
{"_id":{"$oid":"58d80f80c6c5571aff9586c2"},"id":"PGX_AM_CS_BrCa-fri-S1551","biosample_id":"PGX_AM_BS_BrCa-fri-S1551","variant_set_id":"AM_VS_HG18","created":{"$date":"2017-03-26T18:59:08.051Z"},"updated":{"$date":"2017-03-26T18:59:08.051Z"}}
{"_id":{"$oid":"58d80f80c6c5571aff9586c3"},"id":"PGX_AM_CS_BrCa-fri-S1575","biosample_id":"PGX_AM_BS_BrCa-fri-S1575","variant_set_id":"AM_VS_HG18","created":{"$date":"2017-03-26T18:59:08.052Z"},"updated":{"$date":"2017-03-26T18:59:08.052Z"}}
{"_id":{"$oid":"58d80f80c6c5571aff9586c4"},"id":"PGX_AM_CS_BrCa-fri-S1579","biosample_id":"PGX_AM_BS_BrCa-fri-S1579","variant_set_id":"AM_VS_HG18","created":{"$date":"2017-03-26T18:59:08.052Z"},"updated":{"$date":"2017-03-26T18:59:08.052Z"}}
{"_id":{"$oid":"58d80f80c6c5571aff9586c5"},"id":"PGX_AM_CS_BrCa-fri-S1598","biosample_id":"PGX_AM_BS_BrCa-fri-S1598","variant_set_id":"AM_VS_HG18","created":{"$date":"2017-03-26T18:59:08.052Z"},"updated":{"$date":"2017-03-26T18:59:08.052Z"}}
{"_id":{"$oid":"58d80f80c6c5571aff9586c6"},"id":"PGX_AM_CS_BrCa-fri-S1608","biosample_id":"PGX_AM_BS_BrCa-fri-S1608","variant_set_id":"AM_VS_HG18","created":{"$date":"2017-03-26T18:59:08.052Z"},"updated":{"$date":"2017-03-26T18:59:08.052Z"}}
{"_id":{"$oid":"58d80f80c6c5571aff9586c7"},"id":"PGX_AM_CS_BrCa-fri-S1616","biosample_id":"PGX_AM_BS_BrCa-fri-S1616","variant_set_id":"AM_VS_HG18","created":{"$date":"2017-03-26T18:59:08.053Z"},"updated":{"$date":"2017-03-26T18:59:08.053Z"}}
{"_id":{"$oid":"58d80f80c6c5571aff9586c8"},"id":"PGX_AM_CS_GSM213840","biosample_id":"PGX_AM_BS_GSM213840","variant_set_id":"AM_VS_HG18","created":{"$date":"2017-03-26T18:59:08.053Z"},"updated":{"$date":"2017-03-26T18:59:08.053Z"}}
{"_id":{"$oid":"58d80f80c6c5571aff9586c9"},"id":"PGX_AM_CS_GSM213846","biosample_id":"PGX_AM_BS_GSM213846","variant_set_id":"AM_VS_HG18","created":{"$date":"2017-03-26T18:59:08.054Z"},"updated":{"$date":"2017-03-26T18:59:08.054Z"}}
{"_id":{"$oid":"58d80f80c6c5571aff9586ca"},"id":"PGX_AM_CS_GSM213848","biosample_id":"PGX_AM_BS_GSM213848","variant_set_id":"AM_VS_HG18","created":{"$date":"2017-03-26T18:59:08.055Z"},"updated":{"$date":"2017-03-26T18:59:08.055Z"}}
{"_id":{"$oid":"58d80f80c6c5571aff9586cb"},"id":"PGX_AM_CS_GSM213853","biosample_id":"PGX_AM_BS_GSM213853","variant_set_id":"AM_VS_HG18","created":{"$date":"2017-03-26T18:59:08.055Z"},"updated":{"$date":"2017-03-26T18:59:08.055Z"}}
{"_id":{"$oid":"58d80f80c6c5571aff9586cc"},"id":"PGX_AM_CS_GSM213854","biosample_id":"PGX_AM_BS_GSM213854","variant_set_id":"AM_VS_HG18","created":{"$date":"2017-03-26T18:59:08.056Z"},"updated":{"$date":"2017-03-26T18:59:08.056Z"}}
{"_id":{"$oid":"58d80f80c6c5571aff9586cd"},"id":"PGX_AM_CS_GSM213856","biosample_id":"PGX_AM_BS_GSM213856","variant_set_id":"AM_VS_HG18","created":{"$date":"2017-03-26T18:59:08.057Z"},"updated":{"$date":"2017-03-26T18:59:08.057Z"}}
{"_id":{"$oid":"58d80f80c6c5571aff9586ce"},"id":"PGX_AM_CS_GSM213858","biosample_id":"PGX_AM_BS_GSM213858","variant_set_id":"AM_VS_HG18","created":{"$date":"2017-03-26T18:59:08.057Z"},"updated":{"$date":"2017-03-26T18:59:08.057Z"}}
{"_id":{"$oid":"58d80f80c6c5571aff9586cf"},"id":"PGX_AM_CS_GSM213862","biosample_id":"PGX_AM_BS_GSM213862","variant_set_id":"AM_VS_HG18","created":{"$date":"2017-03-26T18:59:08.058Z"},"updated":{"$date":"2017-03-26T18:59:08.058Z"}}
{"_id":{"$oid":"58d80f80c6c5571aff9586d0"},"id":"PGX_AM_CS_GSM213863","biosample_id":"PGX_AM_BS_GSM213863","variant_set_id":"AM_VS_HG18","created":{"$date":"2017-03-26T18:59:08.058Z"},"updated":{"$date":"2017-03-26T18:59:08.058Z"}}
{"_id":{"$oid":"58d80f80c6c5571aff9586d1"},"id":"PGX_AM_CS_GSM213870","biosample_id":"PGX_AM_BS_GSM213870","variant_set_id":"AM_VS_HG18","created":{"$date":"2017-03-26T18:59:08.059Z"},"updated":{"$date":"2017-03-26T18:59:08.059Z"}}
{"_id":{"$oid":"58d80f80c6c5571aff9586d2"},"id":"PGX_AM_CS_GSM213871","biosample_id":"PGX_AM_BS_GSM213871","variant_set_id":"AM_VS_HG18","created":{"$date":"2017-03-26T18:59:08.060Z"},"updated":{"$date":"2017-03-26T18:59:08.060Z"}}
{"_id":{"$oid":"58d80f80c6c5571aff9586d3"},"id":"PGX_AM_CS_GSM213873","biosample_id":"PGX_AM_BS_GSM213873","variant_set_id":"AM_VS_HG18","created":{"$date":"2017-03-26T18:59:08.060Z"},"updated":{"$date":"2017-03-26T18:59:08.060Z"}}
{"_id":{"$oid":"58d80f80c6c5571aff9586d4"},"id":"PGX_AM_CS_GSM213875","biosample_id":"PGX_AM_BS_GSM213875","variant_set_id":"AM_VS_HG18","created":{"$date":"2017-03-26T18:59:08.061Z"},"updated":{"$date":"2017-03-26T18:59:08.061Z"}}
{"_id":{"$oid":"58d80f80c6c5571aff9586d5"},"id":"PGX_AM_CS_GSM213876","biosample_id":"PGX_AM_BS_GSM213876","variant_set_id":"AM_VS_HG18","created":{"$date":"2017-03-26T18:59:08.062Z"},"updated":{"$date":"2017-03-26T18:59:08.062Z"}}
{"_id":{"$oid":"58d80f80c6c5571aff9586d6"},"id":"PGX_AM_CS_GSM213881","biosample_id":"PGX_AM_BS_GSM213881","variant_set_id":"AM_VS_HG18","created":{"$date":"2017-03-26T18:59:08.062Z"},"updated":{"$date":"2017-03-26T18:59:08.062Z"}}
{"_id":{"$oid":"58d80f80c6c5571aff9586d7"},"id":"PGX_AM_CS_GSM213889","biosample_id":"PGX_AM_BS_GSM213889","variant_set_id":"AM_VS_HG18","created":{"$date":"2017-03-26T18:59:08.063Z"},"updated":{"$date":"2017-03-26T18:59:08.063Z"}}
{"_id":{"$oid":"58d80f80c6c5571aff9586d8"},"id":"PGX_AM_CS_GSM213891","biosample_id":"PGX_AM_BS_GSM213891","variant_set_id":"AM_VS_HG18","created":{"$date":"2017-03-26T18:59:08.063Z"},"updated":{"$date":"2017-03-26T18:59:08.063Z"}}
{"_id":{"$oid":"58d80f80c6c5571aff9586d9"},"id":"PGX_AM_CS_GSM213892","biosample_id":"PGX_AM_BS_GSM213892","variant_set_id":"AM_VS_HG18","created":{"$date":"2017-03-26T18:59:08.064Z"},"updated":{"$date":"2017-03-26T18:59:08.064Z"}}
{"_id":{"$oid":"58d80f80c6c5571aff9586da"},"id":"PGX_AM_CS_GSM213895","biosample_id":"PGX_AM_BS_GSM213895","variant_set_id":"AM_VS_HG18","created":{"$date":"2017-03-26T18:59:08.064Z"},"updated":{"$date":"2017-03-26T18:59:08.064Z"}}
{"_id":{"$oid":"58d80f80c6c5571aff9586db"},"id":"PGX_AM_CS_GSM213897","biosample_id":"PGX_AM_BS_GSM213897","variant_set_id":"AM_VS_HG18","created":{"$date":"2017-03-26T18:59:08.065Z"},"updated":{"$date":"2017-03-26T18:59:08.065Z"}}
{"_id":{"$oid":"58d80f80c6c5571aff9586dc"},"id":"PGX_AM_CS_GSM213900","biosample_id":"PGX_AM_BS_GSM213900","variant_set_id":"AM_VS_HG18","created":{"$date":"2017-03-26T18:59:08.065Z"},"updated":{"$date":"2017-03-26T18:59:08.065Z"}}
{"_id":{"$oid":"58d80f80c6c5571aff9586dd"},"id":"PGX_AM_CS_GSM213901","biosample_id":"PGX_AM_BS_GSM213901","variant_set_id":"AM_VS_HG18","created":{"$date":"2017-03-26T18:59:08.066Z"},"updated":{"$date":"2017-03-26T18:59:08.066Z"}}
{"_id":{"$oid":"58d80f80c6c5571aff9586de"},"id":"PGX_AM_CS_GSM213902","biosample_id":"PGX_AM_BS_GSM213902","variant_set_id":"AM_VS_HG18","created":{"$date":"2017-03-26T18:59:08.067Z"},"updated":{"$date":"2017-03-26T18:59:08.067Z"}}
{"_id":{"$oid":"58d80f80c6c5571aff9586df"},"id":"PGX_AM_CS_GSM213904","biosample_id":"PGX_AM_BS_GSM213904","variant_set_id":"AM_VS_HG18","created":{"$date":"2017-03-26T18:59:08.067Z"},"updated":{"$date":"2017-03-26T18:59:08.067Z"}}
{"_id":{"$oid":"58d80f80c6c5571aff9586e0"},"id":"PGX_AM_CS_GSM213905","biosample_id":"PGX_AM_BS_GSM213905","variant_set_id":"AM_VS_HG18","created":{"$date":"2017-03-26T18:59:08.067Z"},"updated":{"$date":"2017-03-26T18:59:08.067Z"}}
{"_id":{"$oid":"58d80f80c6c5571aff9586e1"},"id":"PGX_AM_CS_GSM213909","biosample_id":"PGX_AM_BS_GSM213909","variant_set_id":"AM_VS_HG18","created":{"$date":"2017-03-26T18:59:08.068Z"},"updated":{"$date":"2017-03-26T18:59:08.068Z"}}
