{"_id":{"$oid":"58d80f80c6c5571aff9583e8"},"id":"PGX_IND_ChemSR-kim-R1","species":{"term_id":"NCBITaxon:9606","term_label":"Homo sapiens"},"sex":{"term_id":"PATO:0020002","term_label":"female genotypic sex"},"external_identifiers":[{"database":"Pubmed","identifier":"17044060"}],"updated":{"$date":"2017-03-26T18:58:54.742Z"}}
{"_id":{"$oid":"58d80f80c6c5571aff9583e9"},"id":"PGX_IND_ChemSR-kim-R10","species":{"term_id":"NCBITaxon:9606","term_label":"Homo sapiens"},"sex":{"term_id":"PATO:0020002","term_label":"female genotypic sex"},"external_identifiers":[{"database":"Pubmed","identifier":"17044060"}],"updated":{"$date":"2017-03-26T18:58:54.743Z"}}
{"_id":{"$oid":"58d80f80c6c5571aff9583ea"},"id":"PGX_IND_ChemSR-kim-R2","species":{"term_id":"NCBITaxon:9606","term_label":"Homo sapiens"},"sex":{"term_id":"PATO:0020002","term_label":"female genotypic sex"},"external_identifiers":[{"database":"Pubmed","identifier":"17044060"}],"updated":{"$date":"2017-03-26T18:58:54.744Z"}}
{"_id":{"$oid":"58d80f80c6c5571aff9583eb"},"id":"PGX_IND_ChemSR-kim-R3","species":{"term_id":"NCBITaxon:9606","term_label":"Homo sapiens"},"sex":{"term_id":"PATO:0020002","term_label":"female genotypic sex"},"external_identifiers":[{"database":"Pubmed","identifier":"17044060"}],"updated":{"$date":"2017-03-26T18:58:54.744Z"}}
{"_id":{"$oid":"58d80f80c6c5571aff9583ec"},"id":"PGX_IND_ChemSR-kim-R4","species":{"term_id":"NCBITaxon:9606","term_label":"Homo sapiens"},"sex":{"term_id":"PATO:0020002","term_label":"female genotypic sex"},"external_identifiers":[{"database":"Pubmed","identifier":"17044060"}],"updated":{"$date":"2017-03-26T18:58:54.745Z"}}
{"_id":{"$oid":"58d80f80c6c5571aff9583ed"},"id":"PGX_IND_ChemSR-kim-R5","species":{"term_id":"NCBITaxon:9606","term_label":"Homo sapiens"},"sex":{"term_id":"PATO:0020002","term_label":"female genotypic sex"},"external_identifiers":[{"database":"Pubmed","identifier":"17044060"}],"updated":{"$date":"2017-03-26T18:58:54.746Z"}}
{"_id":{"$oid":"58d80f80c6c5571aff9583ee"},"id":"PGX_IND_ChemSR-kim-R6","species":{"term_id":"NCBITaxon:9606","term_label":"Homo sapiens"},"sex":{"term_id":"PATO:0020002","term_label":"female genotypic sex"},"external_identifiers":[{"database":"Pubmed","identifier":"17044060"}],"updated":{"$date":"2017-03-26T18:58:54.747Z"}}
{"_id":{"$oid":"58d80f80c6c5571aff9583ef"},"id":"PGX_IND_ChemSR-kim-R7","species":{"term_id":"NCBITaxon:9606","term_label":"Homo sapiens"},"sex":{"term_id":"PATO:0020002","term_label":"female genotypic sex"},"external_identifiers":[{"database":"Pubmed","identifier":"17044060"}],"updated":{"$date":"2017-03-26T18:58:54.747Z"}}
{"_id":{"$oid":"58d80f80c6c5571aff9583f0"},"id":"PGX_IND_ChemSR-kim-R8","species":{"term_id":"NCBITaxon:9606","term_label":"Homo sapiens"},"sex":{"term_id":"PATO:0020002","term_label":"female genotypic sex"},"external_identifiers":[{"database":"Pubmed","identifier":"17044060"}],"updated":{"$date":"2017-03-26T18:58:54.748Z"}}
{"_id":{"$oid":"58d80f80c6c5571aff9583f1"},"id":"PGX_IND_ChemSR-kim-R9","species":{"term_id":"NCBITaxon:9606","term_label":"Homo sapiens"},"sex":{"term_id":"PATO:0020002","term_label":"female genotypic sex"},"external_identifiers":[{"database":"Pubmed","identifier":"17044060"}],"updated":{"$date":"2017-03-26T18:58:54.748Z"}}
{"_id":{"$oid":"58d80f80c6c5571aff9583f2"},"id":"PGX_IND_ChemSR-kim-S1","species":{"term_id":"NCBITaxon:9606","term_label":"Homo sapiens"},"sex":{"term_id":"PATO:0020002","term_label":"female genotypic sex"},"external_identifiers":[{"database":"Pubmed","identifier":"17044060"}],"updated":{"$date":"2017-03-26T18:58:54.749Z"}}
{"_id":{"$oid":"58d80f80c6c5571aff9583f3"},"id":"PGX_IND_ChemSR-kim-S2","species":{"term_id":"NCBITaxon:9606","term_label":"Homo sapiens"},"sex":{"term_id":"PATO:0020002","term_label":"female genotypic sex"},"external_identifiers":[{"database":"Pubmed","identifier":"17044060"}],"updated":{"$date":"2017-03-26T18:58:54.750Z"}}
{"_id":{"$oid":"58d80f80c6c5571aff9583f4"},"id":"PGX_IND_ChemSR-kim-S3","species":{"term_id":"NCBITaxon:9606","term_label":"Homo sapiens"},"sex":{"term_id":"PATO:0020002","term_label":"female genotypic sex"},"external_identifiers":[{"database":"Pubmed","identifier":"17044060"}],"updated":{"$date":"2017-03-26T18:58:54.750Z"}}
{"_id":{"$oid":"58d80f80c6c5571aff9583f5"},"id":"PGX_IND_ChemSR-kim-S4","species":{"term_id":"NCBITaxon:9606","term_label":"Homo sapiens"},"sex":{"term_id":"PATO:0020002","term_label":"female genotypic sex"},"external_identifiers":[{"database":"Pubmed","identifier":"17044060"}],"updated":{"$date":"2017-03-26T18:58:54.751Z"}}
{"_id":{"$oid":"58d80f80c6c5571aff9583f6"},"id":"PGX_IND_ChemSR-kim-S5","species":{"term_id":"NCBITaxon:9606","term_label":"Homo sapiens"},"sex":{"term_id":"PATO:0020002","term_label":"female genotypic sex"},"external_identifiers":[{"database":"Pubmed","identifier":"17044060"}],"updated":{"$date":"2017-03-26T18:58:54.751Z"}}
{"_id":{"$oid":"58d80f80c6c5571aff9583f7"},"id":"PGX_IND_ChemSR-kim-S6","species":{"term_id":"NCBITaxon:9606","term_label":"Homo sapiens"},"sex":{"term_id":"PATO:0020002","term_label":"female genotypic sex"},"external_identifiers":[{"database":"Pubmed","identifier":"17044060"}],"updated":{"$date":"2017-03-26T18:58:54.751Z"}}
{"_id":{"$oid":"58d80f80c6c5571aff9583f8"},"id":"PGX_IND_ChemSR-kim-S7","species":{"term_id":"NCBITaxon:9606","term_label":"Homo sapiens"},"sex":{"term_id":"PATO:0020002","term_label":"female genotypic sex"},"external_identifiers":[{"database":"Pubmed","identifier":"17044060"}],"updated":{"$date":"2017-03-26T18:58:54.752Z"}}
{"_id":{"$oid":"58d80f80c6c5571aff9583f9"},"id":"PGX_IND_GSM217396","species":{"term_id":"NCBITaxon:9606","term_label":"Homo sapiens"},"sex":{"term_id":"PATO:0020002","term_label":"female genotypic sex"},"external_identifiers":[{"database":"Pubmed","identifier":"17925008"},{"database":"GEO","identifier":"GSM217396"},{"database":"GEO","identifier":"GSE8757"}],"updated":{"$date":"2017-03-26T18:58:54.752Z"}}
{"_id":{"$oid":"58d80f80c6c5571aff9583fa"},"id":"PGX_IND_GSM217397","species":{"term_id":"NCBITaxon:9606","term_label":"Homo sapiens"},"sex":{"term_id":"PATO:0020002","term_label":"female genotypic sex"},"external_identifiers":[{"database":"Pubmed","identifier":"17925008"},{"database":"GEO","identifier":"GSM217397"},{"database":"GEO","identifier":"GSE8757"}],"updated":{"$date":"2017-03-26T18:58:54.753Z"}}
{"_id":{"$oid":"58d80f80c6c5571aff9583fb"},"id":"PGX_IND_GSM217398","species":{"term_id":"NCBITaxon:9606","term_label":"Homo sapiens"},"sex":{"term_id":"PATO:0020002","term_label":"female genotypic sex"},"external_identifiers":[{"database":"Pubmed","identifier":"17925008"},{"database":"GEO","identifier":"GSM217398"},{"database":"GEO","identifier":"GSE8757"}],"updated":{"$date":"2017-03-26T18:58:54.753Z"}}
{"_id":{"$oid":"58d80f80c6c5571aff9583fc"},"id":"PGX_IND_GSM217399","species":{"term_id":"NCBITaxon:9606","term_label":"Homo sapiens"},"sex":{"term_id":"PATO:0020002","term_label":"female genotypic sex"},"external_identifiers":[{"database":"Pubmed","identifier":"17925008"},{"database":"GEO","identifier":"GSM217399"},{"database":"GEO","identifier":"GSE8757"}],"updated":{"$date":"2017-03-26T18:58:54.754Z"}}
{"_id":{"$oid":"58d80f80c6c5571aff9583fd"},"id":"PGX_IND_GSM217400","species":{"term_id":"NCBITaxon:9606","term_label":"Homo sapiens"},"sex":{"term_id":"PATO:0020002","term_label":"female genotypic sex"},"external_identifiers":[{"database":"Pubmed","identifier":"17925008"},{"database":"GEO","identifier":"GSM217400"},{"database":"GEO","identifier":"GSE8757"}],"updated":{"$date":"2017-03-26T18:58:54.755Z"}}
{"_id":{"$oid":"58d80f80c6c5571aff9583fe"},"id":"PGX_IND_GSM217401","species":{"term_id":"NCBITaxon:9606","term_label":"Homo sapiens"},"sex":{"term_id":"PATO:0020002","term_label":"female genotypic sex"},"external_identifiers":[{"database":"Pubmed","identifier":"17925008"},{"database":"GEO","identifier":"GSM217401"},{"database":"GEO","identifier":"GSE8757"}],"updated":{"$date":"2017-03-26T18:58:54.755Z"}}
{"_id":{"$oid":"58d80f80c6c5571aff9583ff"},"id":"PGX_IND_GSM217402","species":{"term_id":"NCBITaxon:9606","term_label":"Homo sapiens"},"sex":{"term_id":"PATO:0020002","term_label":"female genotypic sex"},"external_identifiers":[{"database":"Pubmed","identifier":"17925008"},{"database":"GEO","identifier":"GSM217402"},{"database":"GEO","identifier":"GSE8757"}],"updated":{"$date":"2017-03-26T18:58:54.756Z"}}
{"_id":{"$oid":"58d80f80c6c5571aff958400"},"id":"PGX_IND_GSM217403","species":{"term_id":"NCBITaxon:9606","term_label":"Homo sapiens"},"sex":{"term_id":"PATO:0020002","term_label":"female genotypic sex"},"external_identifiers":[{"database":"Pubmed","identifier":"17925008"},{"database":"GEO","identifier":"GSM217403"},{"database":"GEO","identifier":"GSE8757"}],"updated":{"$date":"2017-03-26T18:58:54.756Z"}}
{"_id":{"$oid":"58d80f80c6c5571aff958401"},"id":"PGX_IND_GSM217404","species":{"term_id":"NCBITaxon:9606","term_label":"Homo sapiens"},"sex":{"term_id":"PATO:0020002","term_label":"female genotypic sex"},"external_identifiers":[{"database":"Pubmed","identifier":"17925008"},{"database":"GEO","identifier":"GSM217404"},{"database":"GEO","identifier":"GSE8757"}],"updated":{"$date":"2017-03-26T18:58:54.757Z"}}
{"_id":{"$oid":"58d80f80c6c5571aff958402"},"id":"PGX_IND_GSM217405","species":{"term_id":"NCBITaxon:9606","term_label":"Homo sapiens"},"sex":{"term_id":"PATO:0020002","term_label":"female genotypic sex"},"external_identifiers":[{"database":"Pubmed","identifier":"17925008"},{"database":"GEO","identifier":"GSM217405"},{"database":"GEO","identifier":"GSE8757"}],"updated":{"$date":"2017-03-26T18:58:54.757Z"}}
{"_id":{"$oid":"58d80f80c6c5571aff958403"},"id":"PGX_IND_GSM217406","species":{"term_id":"NCBITaxon:9606","term_label":"Homo sapiens"},"sex":{"term_id":"PATO:0020002","term_label":"female genotypic sex"},"external_identifiers":[{"database":"Pubmed","identifier":"17925008"},{"database":"GEO","identifier":"GSM217406"},{"database":"GEO","identifier":"GSE8757"}],"updated":{"$date":"2017-03-26T18:58:54.758Z"}}
{"_id":{"$oid":"58d80f80c6c5571aff958404"},"id":"PGX_IND_GSM217407","species":{"term_id":"NCBITaxon:9606","term_label":"Homo sapiens"},"sex":{"term_id":"PATO:0020002","term_label":"female genotypic sex"},"external_identifiers":[{"database":"Pubmed","identifier":"17925008"},{"database":"GEO","identifier":"GSM217407"},{"database":"GEO","identifier":"GSE8757"}],"updated":{"$date":"2017-03-26T18:58:54.759Z"}}
{"_id":{"$oid":"58d80f80c6c5571aff958405"},"id":"PGX_IND_GSM217408","species":{"term_id":"NCBITaxon:9606","term_label":"Homo sapiens"},"sex":{"term_id":"PATO:0020002","term_label":"female genotypic sex"},"external_identifiers":[{"database":"Pubmed","identifier":"17925008"},{"database":"GEO","identifier":"GSM217408"},{"database":"GEO","identifier":"GSE8757"}],"updated":{"$date":"2017-03-26T18:58:54.759Z"}}
{"_id":{"$oid":"58d80f80c6c5571aff958406"},"id":"PGX_IND_GSM217409","species":{"term_id":"NCBITaxon:9606","term_label":"Homo sapiens"},"sex":{"term_id":"PATO:0020002","term_label":"female genotypic sex"},"external_identifiers":[{"database":"Pubmed","identifier":"17925008"},{"database":"GEO","identifier":"GSM217409"},{"database":"GEO","identifier":"GSE8757"}],"updated":{"$date":"2017-03-26T18:58:54.760Z"}}
{"_id":{"$oid":"58d80f80c6c5571aff958407"},"id":"PGX_IND_GSM217410","species":{"term_id":"NCBITaxon:9606","term_label":"Homo sapiens"},"sex":{"term_id":"PATO:0020002","term_label":"female genotypic sex"},"external_identifiers":[{"database":"Pubmed","identifier":"17925008"},{"database":"GEO","identifier":"GSM217410"},{"database":"GEO","identifier":"GSE8757"}],"updated":{"$date":"2017-03-26T18:58:54.761Z"}}
{"_id":{"$oid":"58d80f80c6c5571aff958408"},"id":"PGX_IND_GSM217411","species":{"term_id":"NCBITaxon:9606","term_label":"Homo sapiens"},"sex":{"term_id":"PATO:0020002","term_label":"female genotypic sex"},"external_identifiers":[{"database":"Pubmed","identifier":"17925008"},{"database":"GEO","identifier":"GSM217411"},{"database":"GEO","identifier":"GSE8757"}],"updated":{"$date":"2017-03-26T18:58:54.761Z"}}
{"_id":{"$oid":"58d80f80c6c5571aff958409"},"id":"PGX_IND_GSM217412","species":{"term_id":"NCBITaxon:9606","term_label":"Homo sapiens"},"sex":{"term_id":"PATO:0020002","term_label":"female genotypic sex"},"external_identifiers":[{"database":"Pubmed","identifier":"17925008"},{"database":"GEO","identifier":"GSM217412"},{"database":"GEO","identifier":"GSE8757"}],"updated":{"$date":"2017-03-26T18:58:54.762Z"}}
{"_id":{"$oid":"58d80f80c6c5571aff95840a"},"id":"PGX_IND_GSM217413","species":{"term_id":"NCBITaxon:9606","term_label":"Homo sapiens"},"sex":{"term_id":"PATO:0020002","term_label":"female genotypic sex"},"external_identifiers":[{"database":"Pubmed","identifier":"17925008"},{"database":"GEO","identifier":"GSM217413"},{"database":"GEO","identifier":"GSE8757"}],"updated":{"$date":"2017-03-26T18:58:54.763Z"}}
{"_id":{"$oid":"58d80f80c6c5571aff95840b"},"id":"PGX_IND_GSM217414","species":{"term_id":"NCBITaxon:9606","term_label":"Homo sapiens"},"sex":{"term_id":"PATO:0020002","term_label":"female genotypic sex"},"external_identifiers":[{"database":"Pubmed","identifier":"17925008"},{"database":"GEO","identifier":"GSM217414"},{"database":"GEO","identifier":"GSE8757"}],"updated":{"$date":"2017-03-26T18:58:54.764Z"}}
{"_id":{"$oid":"58d80f80c6c5571aff95840c"},"id":"PGX_IND_GSM217415","species":{"term_id":"NCBITaxon:9606","term_label":"Homo sapiens"},"sex":{"term_id":"PATO:0020002","term_label":"female genotypic sex"},"external_identifiers":[{"database":"Pubmed","identifier":"17925008"},{"database":"GEO","identifier":"GSM217415"},{"database":"GEO","identifier":"GSE8757"}],"updated":{"$date":"2017-03-26T18:58:54.765Z"}}
{"_id":{"$oid":"58d80f80c6c5571aff95840d"},"id":"PGX_IND_GSM217416","species":{"term_id":"NCBITaxon:9606","term_label":"Homo sapiens"},"sex":{"term_id":"PATO:0020002","term_label":"female genotypic sex"},"external_identifiers":[{"database":"Pubmed","identifier":"17925008"},{"database":"GEO","identifier":"GSM217416"},{"database":"GEO","identifier":"GSE8757"}],"updated":{"$date":"2017-03-26T18:58:54.765Z"}}
{"_id":{"$oid":"58d80f80c6c5571aff95840e"},"id":"PGX_IND_GSM217417","species":{"term_id":"NCBITaxon:9606","term_label":"Homo sapiens"},"sex":{"term_id":"PATO:0020002","term_label":"female genotypic sex"},"external_identifiers":[{"database":"Pubmed","identifier":"17925008"},{"database":"GEO","identifier":"GSM217417"},{"database":"GEO","identifier":"GSE8757"}],"updated":{"$date":"2017-03-26T18:58:54.766Z"}}
{"_id":{"$oid":"58d80f80c6c5571aff95840f"},"id":"PGX_IND_GSM217418","species":{"term_id":"NCBITaxon:9606","term_label":"Homo sapiens"},"sex":{"term_id":"PATO:0020002","term_label":"female genotypic sex"},"external_identifiers":[{"database":"Pubmed","identifier":"17925008"},{"database":"GEO","identifier":"GSM217418"},{"database":"GEO","identifier":"GSE8757"}],"updated":{"$date":"2017-03-26T18:58:54.767Z"}}
{"_id":{"$oid":"58d80f80c6c5571aff958410"},"id":"PGX_IND_GSM217419","species":{"term_id":"NCBITaxon:9606","term_label":"Homo sapiens"},"sex":{"term_id":"PATO:0020002","term_label":"female genotypic sex"},"external_identifiers":[{"database":"Pubmed","identifier":"17925008"},{"database":"GEO","identifier":"GSM217419"},{"database":"GEO","identifier":"GSE8757"}],"updated":{"$date":"2017-03-26T18:58:54.768Z"}}
{"_id":{"$oid":"58d80f80c6c5571aff958411"},"id":"PGX_IND_GSM217420","species":{"term_id":"NCBITaxon:9606","term_label":"Homo sapiens"},"sex":{"term_id":"PATO:0020002","term_label":"female genotypic sex"},"external_identifiers":[{"database":"Pubmed","identifier":"17925008"},{"database":"GEO","identifier":"GSM217420"},{"database":"GEO","identifier":"GSE8757"}],"updated":{"$date":"2017-03-26T18:58:54.768Z"}}
{"_id":{"$oid":"58d80f80c6c5571aff958412"},"id":"PGX_IND_GSM217421","species":{"term_id":"NCBITaxon:9606","term_label":"Homo sapiens"},"sex":{"term_id":"PATO:0020002","term_label":"female genotypic sex"},"external_identifiers":[{"database":"Pubmed","identifier":"17925008"},{"database":"GEO","identifier":"GSM217421"},{"database":"GEO","identifier":"GSE8757"}],"updated":{"$date":"2017-03-26T18:58:54.769Z"}}
{"_id":{"$oid":"58d80f80c6c5571aff958413"},"id":"PGX_IND_GSM217422","species":{"term_id":"NCBITaxon:9606","term_label":"Homo sapiens"},"sex":{"term_id":"PATO:0020002","term_label":"female genotypic sex"},"external_identifiers":[{"database":"Pubmed","identifier":"17925008"},{"database":"GEO","identifier":"GSM217422"},{"database":"GEO","identifier":"GSE8757"}],"updated":{"$date":"2017-03-26T18:58:54.769Z"}}
{"_id":{"$oid":"58d80f80c6c5571aff958414"},"id":"PGX_IND_GSM217423","species":{"term_id":"NCBITaxon:9606","term_label":"Homo sapiens"},"sex":{"term_id":"PATO:0020002","term_label":"female genotypic sex"},"external_identifiers":[{"database":"Pubmed","identifier":"17925008"},{"database":"GEO","identifier":"GSM217423"},{"database":"GEO","identifier":"GSE8757"}],"updated":{"$date":"2017-03-26T18:58:54.770Z"}}
{"_id":{"$oid":"58d80f80c6c5571aff958415"},"id":"PGX_IND_GSM217424","species":{"term_id":"NCBITaxon:9606","term_label":"Homo sapiens"},"sex":{"term_id":"PATO:0020002","term_label":"female genotypic sex"},"external_identifiers":[{"database":"Pubmed","identifier":"17925008"},{"database":"GEO","identifier":"GSM217424"},{"database":"GEO","identifier":"GSE8757"}],"updated":{"$date":"2017-03-26T18:58:54.771Z"}}
{"_id":{"$oid":"58d80f80c6c5571aff958416"},"id":"PGX_IND_GSM217425","species":{"term_id":"NCBITaxon:9606","term_label":"Homo sapiens"},"sex":{"term_id":"PATO:0020002","term_label":"female genotypic sex"},"external_identifiers":[{"database":"Pubmed","identifier":"17925008"},{"database":"GEO","identifier":"GSM217425"},{"database":"GEO","identifier":"GSE8757"}],"updated":{"$date":"2017-03-26T18:58:54.771Z"}}
{"_id":{"$oid":"58d80f80c6c5571aff958417"},"id":"PGX_IND_GSM217426","species":{"term_id":"NCBITaxon:9606","term_label":"Homo sapiens"},"sex":{"term_id":"PATO:0020002","term_label":"female genotypic sex"},"external_identifiers":[{"database":"Pubmed","identifier":"17925008"},{"database":"GEO","identifier":"GSM217426"},{"database":"GEO","identifier":"GSE8757"}],"updated":{"$date":"2017-03-26T18:58:54.772Z"}}
{"_id":{"$oid":"58d80f80c6c5571aff958418"},"id":"PGX_IND_GSM217427","species":{"term_id":"NCBITaxon:9606","term_label":"Homo sapiens"},"sex":{"term_id":"PATO:0020002","term_label":"female genotypic sex"},"external_identifiers":[{"database":"Pubmed","identifier":"17925008"},{"database":"GEO","identifier":"GSM217427"},{"database":"GEO","identifier":"GSE8757"}],"updated":{"$date":"2017-03-26T18:58:54.772Z"}}
{"_id":{"$oid":"58d80f80c6c5571aff958419"},"id":"PGX_IND_GSM217428","species":{"term_id":"NCBITaxon:9606","term_label":"Homo sapiens"},"sex":{"term_id":"PATO:0020002","term_label":"female genotypic sex"},"external_identifiers":[{"database":"Pubmed","identifier":"17925008"},{"database":"GEO","identifier":"GSM217428"},{"database":"GEO","identifier":"GSE8757"}],"updated":{"$date":"2017-03-26T18:58:54.773Z"}}
{"_id":{"$oid":"58d80f80c6c5571aff95841a"},"id":"PGX_IND_GSM217429","species":{"term_id":"NCBITaxon:9606","term_label":"Homo sapiens"},"sex":{"term_id":"PATO:0020002","term_label":"female genotypic sex"},"external_identifiers":[{"database":"Pubmed","identifier":"17925008"},{"database":"GEO","identifier":"GSM217429"},{"database":"GEO","identifier":"GSE8757"}],"updated":{"$date":"2017-03-26T18:58:54.773Z"}}
{"_id":{"$oid":"58d80f80c6c5571aff95841b"},"id":"PGX_IND_GSM217430","species":{"term_id":"NCBITaxon:9606","term_label":"Homo sapiens"},"sex":{"term_id":"PATO:0020002","term_label":"female genotypic sex"},"external_identifiers":[{"database":"Pubmed","identifier":"17925008"},{"database":"GEO","identifier":"GSM217430"},{"database":"GEO","identifier":"GSE8757"}],"updated":{"$date":"2017-03-26T18:58:54.774Z"}}
{"_id":{"$oid":"58d80f80c6c5571aff95841c"},"id":"PGX_IND_GSM217431","species":{"term_id":"NCBITaxon:9606","term_label":"Homo sapiens"},"sex":{"term_id":"PATO:0020002","term_label":"female genotypic sex"},"external_identifiers":[{"database":"Pubmed","identifier":"17925008"},{"database":"GEO","identifier":"GSM217431"},{"database":"GEO","identifier":"GSE8757"}],"updated":{"$date":"2017-03-26T18:58:54.775Z"}}
{"_id":{"$oid":"58d80f80c6c5571aff95841d"},"id":"PGX_IND_GSM217433","species":{"term_id":"NCBITaxon:9606","term_label":"Homo sapiens"},"sex":{"term_id":"PATO:0020002","term_label":"female genotypic sex"},"external_identifiers":[{"database":"Pubmed","identifier":"17925008"},{"database":"GEO","identifier":"GSM217433"},{"database":"GEO","identifier":"GSE8757"}],"updated":{"$date":"2017-03-26T18:58:54.775Z"}}
{"_id":{"$oid":"58d80f80c6c5571aff95841e"},"id":"PGX_IND_GSM217434","species":{"term_id":"NCBITaxon:9606","term_label":"Homo sapiens"},"sex":{"term_id":"PATO:0020002","term_label":"female genotypic sex"},"external_identifiers":[{"database":"Pubmed","identifier":"17925008"},{"database":"GEO","identifier":"GSM217434"},{"database":"GEO","identifier":"GSE8757"}],"updated":{"$date":"2017-03-26T18:58:54.776Z"}}
{"_id":{"$oid":"58d80f80c6c5571aff95841f"},"id":"PGX_IND_GSM217435","species":{"term_id":"NCBITaxon:9606","term_label":"Homo sapiens"},"sex":{"term_id":"PATO:0020002","term_label":"female genotypic sex"},"external_identifiers":[{"database":"Pubmed","identifier":"17925008"},{"database":"GEO","identifier":"GSM217435"},{"database":"GEO","identifier":"GSE8757"}],"updated":{"$date":"2017-03-26T18:58:54.777Z"}}
{"_id":{"$oid":"58d80f80c6c5571aff958420"},"id":"PGX_IND_GSM217459","species":{"term_id":"NCBITaxon:9606","term_label":"Homo sapiens"},"sex":{"term_id":"PATO:0020002","term_label":"female genotypic sex"},"external_identifiers":[{"database":"Pubmed","identifier":"17925008"},{"database":"GEO","identifier":"GSM217459"},{"database":"GEO","identifier":"GSE8757"}],"updated":{"$date":"2017-03-26T18:58:54.778Z"}}
{"_id":{"$oid":"58d80f80c6c5571aff958421"},"id":"PGX_IND_GSM217437","species":{"term_id":"NCBITaxon:9606","term_label":"Homo sapiens"},"sex":{"term_id":"PATO:0020002","term_label":"female genotypic sex"},"external_identifiers":[{"database":"Pubmed","identifier":"17925008"},{"database":"GEO","identifier":"GSM217437"},{"database":"GEO","identifier":"GSE8757"}],"updated":{"$date":"2017-03-26T18:58:54.779Z"}}
{"_id":{"$oid":"58d80f80c6c5571aff958422"},"id":"PGX_IND_GSM217438","species":{"term_id":"NCBITaxon:9606","term_label":"Homo sapiens"},"sex":{"term_id":"PATO:0020002","term_label":"female genotypic sex"},"external_identifiers":[{"database":"Pubmed","identifier":"17925008"},{"database":"GEO","identifier":"GSM217438"},{"database":"GEO","identifier":"GSE8757"}],"updated":{"$date":"2017-03-26T18:58:54.779Z"}}
{"_id":{"$oid":"58d80f80c6c5571aff958423"},"id":"PGX_IND_GSM217439","species":{"term_id":"NCBITaxon:9606","term_label":"Homo sapiens"},"sex":{"term_id":"PATO:0020002","term_label":"female genotypic sex"},"external_identifiers":[{"database":"Pubmed","identifier":"17925008"},{"database":"GEO","identifier":"GSM217439"},{"database":"GEO","identifier":"GSE8757"}],"updated":{"$date":"2017-03-26T18:58:54.780Z"}}
{"_id":{"$oid":"58d80f80c6c5571aff958424"},"id":"PGX_IND_GSM217440","species":{"term_id":"NCBITaxon:9606","term_label":"Homo sapiens"},"sex":{"term_id":"PATO:0020002","term_label":"female genotypic sex"},"external_identifiers":[{"database":"Pubmed","identifier":"17925008"},{"database":"GEO","identifier":"GSM217440"},{"database":"GEO","identifier":"GSE8757"}],"updated":{"$date":"2017-03-26T18:58:54.780Z"}}
{"_id":{"$oid":"58d80f80c6c5571aff958425"},"id":"PGX_IND_GSM217442","species":{"term_id":"NCBITaxon:9606","term_label":"Homo sapiens"},"sex":{"term_id":"PATO:0020002","term_label":"female genotypic sex"},"external_identifiers":[{"database":"Pubmed","identifier":"17925008"},{"database":"GEO","identifier":"GSM217442"},{"database":"GEO","identifier":"GSE8757"}],"updated":{"$date":"2017-03-26T18:58:54.781Z"}}
{"_id":{"$oid":"58d80f80c6c5571aff958426"},"id":"PGX_IND_GSM217443","species":{"term_id":"NCBITaxon:9606","term_label":"Homo sapiens"},"sex":{"term_id":"PATO:0020002","term_label":"female genotypic sex"},"external_identifiers":[{"database":"Pubmed","identifier":"17925008"},{"database":"GEO","identifier":"GSM217443"},{"database":"GEO","identifier":"GSE8757"}],"updated":{"$date":"2017-03-26T18:58:54.782Z"}}
{"_id":{"$oid":"58d80f80c6c5571aff958427"},"id":"PGX_IND_GSM217444","species":{"term_id":"NCBITaxon:9606","term_label":"Homo sapiens"},"sex":{"term_id":"PATO:0020002","term_label":"female genotypic sex"},"external_identifiers":[{"database":"Pubmed","identifier":"17925008"},{"database":"GEO","identifier":"GSM217444"},{"database":"GEO","identifier":"GSE8757"}],"updated":{"$date":"2017-03-26T18:58:54.782Z"}}
{"_id":{"$oid":"58d80f80c6c5571aff958428"},"id":"PGX_IND_GSM217445","species":{"term_id":"NCBITaxon:9606","term_label":"Homo sapiens"},"sex":{"term_id":"PATO:0020002","term_label":"female genotypic sex"},"external_identifiers":[{"database":"Pubmed","identifier":"17925008"},{"database":"GEO","identifier":"GSM217445"},{"database":"GEO","identifier":"GSE8757"}],"updated":{"$date":"2017-03-26T18:58:54.783Z"}}
{"_id":{"$oid":"58d80f80c6c5571aff958429"},"id":"PGX_IND_GSM217446","species":{"term_id":"NCBITaxon:9606","term_label":"Homo sapiens"},"sex":{"term_id":"PATO:0020002","term_label":"female genotypic sex"},"external_identifiers":[{"database":"Pubmed","identifier":"17925008"},{"database":"GEO","identifier":"GSM217446"},{"database":"GEO","identifier":"GSE8757"}],"updated":{"$date":"2017-03-26T18:58:54.784Z"}}
{"_id":{"$oid":"58d80f80c6c5571aff95842a"},"id":"PGX_IND_GSM217447","species":{"term_id":"NCBITaxon:9606","term_label":"Homo sapiens"},"sex":{"term_id":"PATO:0020002","term_label":"female genotypic sex"},"external_identifiers":[{"database":"Pubmed","identifier":"17925008"},{"database":"GEO","identifier":"GSM217447"},{"database":"GEO","identifier":"GSE8757"}],"updated":{"$date":"2017-03-26T18:58:54.785Z"}}
{"_id":{"$oid":"58d80f80c6c5571aff95842b"},"id":"PGX_IND_GSM217448","species":{"term_id":"NCBITaxon:9606","term_label":"Homo sapiens"},"sex":{"term_id":"PATO:0020002","term_label":"female genotypic sex"},"external_identifiers":[{"database":"Pubmed","identifier":"17925008"},{"database":"GEO","identifier":"GSM217448"},{"database":"GEO","identifier":"GSE8757"}],"updated":{"$date":"2017-03-26T18:58:54.786Z"}}
{"_id":{"$oid":"58d80f80c6c5571aff95842c"},"id":"PGX_IND_GSM217449","species":{"term_id":"NCBITaxon:9606","term_label":"Homo sapiens"},"sex":{"term_id":"PATO:0020002","term_label":"female genotypic sex"},"external_identifiers":[{"database":"Pubmed","identifier":"17925008"},{"database":"GEO","identifier":"GSM217449"},{"database":"GEO","identifier":"GSE8757"}],"updated":{"$date":"2017-03-26T18:58:54.787Z"}}
{"_id":{"$oid":"58d80f80c6c5571aff95842d"},"id":"PGX_IND_GSM217450","species":{"term_id":"NCBITaxon:9606","term_label":"Homo sapiens"},"sex":{"term_id":"PATO:0020002","term_label":"female genotypic sex"},"external_identifiers":[{"database":"Pubmed","identifier":"17925008"},{"database":"GEO","identifier":"GSM217450"},{"database":"GEO","identifier":"GSE8757"}],"updated":{"$date":"2017-03-26T18:58:54.787Z"}}
{"_id":{"$oid":"58d80f80c6c5571aff95842e"},"id":"PGX_IND_GSM217451","species":{"term_id":"NCBITaxon:9606","term_label":"Homo sapiens"},"sex":{"term_id":"PATO:0020002","term_label":"female genotypic sex"},"external_identifiers":[{"database":"Pubmed","identifier":"17925008"},{"database":"GEO","identifier":"GSM217451"},{"database":"GEO","identifier":"GSE8757"}],"updated":{"$date":"2017-03-26T18:58:54.788Z"}}
{"_id":{"$oid":"58d80f80c6c5571aff95842f"},"id":"PGX_IND_GSM217452","species":{"term_id":"NCBITaxon:9606","term_label":"Homo sapiens"},"sex":{"term_id":"PATO:0020002","term_label":"female genotypic sex"},"external_identifiers":[{"database":"Pubmed","identifier":"17925008"},{"database":"GEO","identifier":"GSM217452"},{"database":"GEO","identifier":"GSE8757"}],"updated":{"$date":"2017-03-26T18:58:54.788Z"}}
{"_id":{"$oid":"58d80f80c6c5571aff958430"},"id":"PGX_IND_GSM217453","species":{"term_id":"NCBITaxon:9606","term_label":"Homo sapiens"},"sex":{"term_id":"PATO:0020002","term_label":"female genotypic sex"},"external_identifiers":[{"database":"Pubmed","identifier":"17925008"},{"database":"GEO","identifier":"GSM217453"},{"database":"GEO","identifier":"GSE8757"}],"updated":{"$date":"2017-03-26T18:58:54.789Z"}}
{"_id":{"$oid":"58d80f80c6c5571aff958431"},"id":"PGX_IND_GSM217454","species":{"term_id":"NCBITaxon:9606","term_label":"Homo sapiens"},"sex":{"term_id":"PATO:0020002","term_label":"female genotypic sex"},"external_identifiers":[{"database":"Pubmed","identifier":"17925008"},{"database":"GEO","identifier":"GSM217454"},{"database":"GEO","identifier":"GSE8757"}],"updated":{"$date":"2017-03-26T18:58:54.789Z"}}
{"_id":{"$oid":"58d80f80c6c5571aff958432"},"id":"PGX_IND_GSM217455","species":{"term_id":"NCBITaxon:9606","term_label":"Homo sapiens"},"sex":{"term_id":"PATO:0020002","term_label":"female genotypic sex"},"external_identifiers":[{"database":"Pubmed","identifier":"17925008"},{"database":"GEO","identifier":"GSM217455"},{"database":"GEO","identifier":"GSE8757"}],"updated":{"$date":"2017-03-26T18:58:54.790Z"}}
{"_id":{"$oid":"58d80f80c6c5571aff958433"},"id":"PGX_IND_GSM217456","species":{"term_id":"NCBITaxon:9606","term_label":"Homo sapiens"},"sex":{"term_id":"PATO:0020002","term_label":"female genotypic sex"},"external_identifiers":[{"database":"Pubmed","identifier":"17925008"},{"database":"GEO","identifier":"GSM217456"},{"database":"GEO","identifier":"GSE8757"}],"updated":{"$date":"2017-03-26T18:58:54.791Z"}}
{"_id":{"$oid":"58d80f80c6c5571aff958434"},"id":"PGX_IND_GSM217457","species":{"term_id":"NCBITaxon:9606","term_label":"Homo sapiens"},"sex":{"term_id":"PATO:0020002","term_label":"female genotypic sex"},"external_identifiers":[{"database":"Pubmed","identifier":"17925008"},{"database":"GEO","identifier":"GSM217457"},{"database":"GEO","identifier":"GSE8757"}],"updated":{"$date":"2017-03-26T18:58:54.791Z"}}
{"_id":{"$oid":"58d80f80c6c5571aff958435"},"id":"PGX_IND_GSM217458","species":{"term_id":"NCBITaxon:9606","term_label":"Homo sapiens"},"sex":{"term_id":"PATO:0020002","term_label":"female genotypic sex"},"external_identifiers":[{"database":"Pubmed","identifier":"17925008"},{"database":"GEO","identifier":"GSM217458"},{"database":"GEO","identifier":"GSE8757"}],"updated":{"$date":"2017-03-26T18:58:54.792Z"}}
{"_id":{"$oid":"58d80f80c6c5571aff958436"},"id":"PGX_IND_GSM217436","species":{"term_id":"NCBITaxon:9606","term_label":"Homo sapiens"},"sex":{"term_id":"PATO:0020002","term_label":"female genotypic sex"},"external_identifiers":[{"database":"Pubmed","identifier":"17925008"},{"database":"GEO","identifier":"GSM217436"},{"database":"GEO","identifier":"GSE8757"}],"updated":{"$date":"2017-03-26T18:58:54.792Z"}}
{"_id":{"$oid":"58d80f80c6c5571aff958437"},"id":"PGX_IND_GSM217460","species":{"term_id":"NCBITaxon:9606","term_label":"Homo sapiens"},"sex":{"term_id":"PATO:0020002","term_label":"female genotypic sex"},"external_identifiers":[{"database":"Pubmed","identifier":"17925008"},{"database":"GEO","identifier":"GSM217460"},{"database":"GEO","identifier":"GSE8757"}],"updated":{"$date":"2017-03-26T18:58:54.793Z"}}
{"_id":{"$oid":"58d80f80c6c5571aff958438"},"id":"PGX_IND_GSM217461","species":{"term_id":"NCBITaxon:9606","term_label":"Homo sapiens"},"sex":{"term_id":"PATO:0020002","term_label":"female genotypic sex"},"external_identifiers":[{"database":"Pubmed","identifier":"17925008"},{"database":"GEO","identifier":"GSM217461"},{"database":"GEO","identifier":"GSE8757"}],"updated":{"$date":"2017-03-26T18:58:54.793Z"}}
{"_id":{"$oid":"58d80f80c6c5571aff958439"},"id":"PGX_IND_GSM217462","species":{"term_id":"NCBITaxon:9606","term_label":"Homo sapiens"},"sex":{"term_id":"PATO:0020002","term_label":"female genotypic sex"},"external_identifiers":[{"database":"Pubmed","identifier":"17925008"},{"database":"GEO","identifier":"GSM217462"},{"database":"GEO","identifier":"GSE8757"}],"updated":{"$date":"2017-03-26T18:58:54.794Z"}}
{"_id":{"$oid":"58d80f80c6c5571aff95843a"},"id":"PGX_IND_GSM217463","species":{"term_id":"NCBITaxon:9606","term_label":"Homo sapiens"},"sex":{"term_id":"PATO:0020002","term_label":"female genotypic sex"},"external_identifiers":[{"database":"Pubmed","identifier":"17925008"},{"database":"GEO","identifier":"GSM217463"},{"database":"GEO","identifier":"GSE8757"}],"updated":{"$date":"2017-03-26T18:58:54.794Z"}}
{"_id":{"$oid":"58d80f80c6c5571aff95843b"},"id":"PGX_IND_GSM217464","species":{"term_id":"NCBITaxon:9606","term_label":"Homo sapiens"},"sex":{"term_id":"PATO:0020002","term_label":"female genotypic sex"},"external_identifiers":[{"database":"Pubmed","identifier":"17925008"},{"database":"GEO","identifier":"GSM217464"},{"database":"GEO","identifier":"GSE8757"}],"updated":{"$date":"2017-03-26T18:58:54.795Z"}}
{"_id":{"$oid":"58d80f80c6c5571aff95843c"},"id":"PGX_IND_GSM217465","species":{"term_id":"NCBITaxon:9606","term_label":"Homo sapiens"},"sex":{"term_id":"PATO:0020002","term_label":"female genotypic sex"},"external_identifiers":[{"database":"Pubmed","identifier":"17925008"},{"database":"GEO","identifier":"GSM217465"},{"database":"GEO","identifier":"GSE8757"}],"updated":{"$date":"2017-03-26T18:58:54.795Z"}}
{"_id":{"$oid":"58d80f80c6c5571aff95843d"},"id":"PGX_IND_GSM217466","species":{"term_id":"NCBITaxon:9606","term_label":"Homo sapiens"},"sex":{"term_id":"PATO:0020002","term_label":"female genotypic sex"},"external_identifiers":[{"database":"Pubmed","identifier":"17925008"},{"database":"GEO","identifier":"GSM217466"},{"database":"GEO","identifier":"GSE8757"}],"updated":{"$date":"2017-03-26T18:58:54.796Z"}}
{"_id":{"$oid":"58d80f80c6c5571aff95843e"},"id":"PGX_IND_GSM217467","species":{"term_id":"NCBITaxon:9606","term_label":"Homo sapiens"},"sex":{"term_id":"PATO:0020002","term_label":"female genotypic sex"},"external_identifiers":[{"database":"Pubmed","identifier":"17925008"},{"database":"GEO","identifier":"GSM217467"},{"database":"GEO","identifier":"GSE8757"}],"updated":{"$date":"2017-03-26T18:58:54.797Z"}}
{"_id":{"$oid":"58d80f80c6c5571aff95843f"},"id":"PGX_IND_GSM217468","species":{"term_id":"NCBITaxon:9606","term_label":"Homo sapiens"},"sex":{"term_id":"PATO:0020002","term_label":"female genotypic sex"},"external_identifiers":[{"database":"Pubmed","identifier":"17925008"},{"database":"GEO","identifier":"GSM217468"},{"database":"GEO","identifier":"GSE8757"}],"updated":{"$date":"2017-03-26T18:58:54.797Z"}}
{"_id":{"$oid":"58d80f80c6c5571aff958440"},"id":"PGX_IND_GSM217469","species":{"term_id":"NCBITaxon:9606","term_label":"Homo sapiens"},"sex":{"term_id":"PATO:0020002","term_label":"female genotypic sex"},"external_identifiers":[{"database":"Pubmed","identifier":"17925008"},{"database":"GEO","identifier":"GSM217469"},{"database":"GEO","identifier":"GSE8757"}],"updated":{"$date":"2017-03-26T18:58:54.798Z"}}
{"_id":{"$oid":"58d80f80c6c5571aff958441"},"id":"PGX_IND_GSM217470","species":{"term_id":"NCBITaxon:9606","term_label":"Homo sapiens"},"sex":{"term_id":"PATO:0020002","term_label":"female genotypic sex"},"external_identifiers":[{"database":"Pubmed","identifier":"17925008"},{"database":"GEO","identifier":"GSM217470"},{"database":"GEO","identifier":"GSE8757"}],"updated":{"$date":"2017-03-26T18:58:54.798Z"}}
{"_id":{"$oid":"58d80f80c6c5571aff958442"},"id":"PGX_IND_GSM217471","species":{"term_id":"NCBITaxon:9606","term_label":"Homo sapiens"},"sex":{"term_id":"PATO:0020002","term_label":"female genotypic sex"},"external_identifiers":[{"database":"Pubmed","identifier":"17925008"},{"database":"GEO","identifier":"GSM217471"},{"database":"GEO","identifier":"GSE8757"}],"updated":{"$date":"2017-03-26T18:58:54.799Z"}}
{"_id":{"$oid":"58d80f80c6c5571aff958443"},"id":"PGX_IND_GSM217472","species":{"term_id":"NCBITaxon:9606","term_label":"Homo sapiens"},"sex":{"term_id":"PATO:0020002","term_label":"female genotypic sex"},"external_identifiers":[{"database":"Pubmed","identifier":"17925008"},{"database":"GEO","identifier":"GSM217472"},{"database":"GEO","identifier":"GSE8757"}],"updated":{"$date":"2017-03-26T18:58:54.799Z"}}
{"_id":{"$oid":"58d80f80c6c5571aff958444"},"id":"PGX_IND_GSM217474","species":{"term_id":"NCBITaxon:9606","term_label":"Homo sapiens"},"sex":{"term_id":"PATO:0020002","term_label":"female genotypic sex"},"external_identifiers":[{"database":"Pubmed","identifier":"17925008"},{"database":"GEO","identifier":"GSM217474"},{"database":"GEO","identifier":"GSE8757"}],"updated":{"$date":"2017-03-26T18:58:54.800Z"}}
{"_id":{"$oid":"58d80f80c6c5571aff958445"},"id":"PGX_IND_GSM217475","species":{"term_id":"NCBITaxon:9606","term_label":"Homo sapiens"},"sex":{"term_id":"PATO:0020002","term_label":"female genotypic sex"},"external_identifiers":[{"database":"Pubmed","identifier":"17925008"},{"database":"GEO","identifier":"GSM217475"},{"database":"GEO","identifier":"GSE8757"}],"updated":{"$date":"2017-03-26T18:58:54.801Z"}}
{"_id":{"$oid":"58d80f80c6c5571aff958446"},"id":"PGX_IND_GSM217476","species":{"term_id":"NCBITaxon:9606","term_label":"Homo sapiens"},"sex":{"term_id":"PATO:0020002","term_label":"female genotypic sex"},"external_identifiers":[{"database":"Pubmed","identifier":"17925008"},{"database":"GEO","identifier":"GSM217476"},{"database":"GEO","identifier":"GSE8757"}],"updated":{"$date":"2017-03-26T18:58:54.801Z"}}
{"_id":{"$oid":"58d80f80c6c5571aff958447"},"id":"PGX_IND_GSM217477","species":{"term_id":"NCBITaxon:9606","term_label":"Homo sapiens"},"sex":{"term_id":"PATO:0020002","term_label":"female genotypic sex"},"external_identifiers":[{"database":"Pubmed","identifier":"17925008"},{"database":"GEO","identifier":"GSM217477"},{"database":"GEO","identifier":"GSE8757"}],"updated":{"$date":"2017-03-26T18:58:54.802Z"}}
{"_id":{"$oid":"58d80f80c6c5571aff958448"},"id":"PGX_IND_GSM217478","species":{"term_id":"NCBITaxon:9606","term_label":"Homo sapiens"},"sex":{"term_id":"PATO:0020002","term_label":"female genotypic sex"},"external_identifiers":[{"database":"Pubmed","identifier":"17925008"},{"database":"GEO","identifier":"GSM217478"},{"database":"GEO","identifier":"GSE8757"}],"updated":{"$date":"2017-03-26T18:59:00.630Z"}}
{"_id":{"$oid":"58d80f80c6c5571aff958449"},"id":"PGX_IND_GSM217479","species":{"term_id":"NCBITaxon:9606","term_label":"Homo sapiens"},"sex":{"term_id":"PATO:0020002","term_label":"female genotypic sex"},"external_identifiers":[{"database":"Pubmed","identifier":"17925008"},{"database":"GEO","identifier":"GSM217479"},{"database":"GEO","identifier":"GSE8757"}],"updated":{"$date":"2017-03-26T18:59:00.631Z"}}
{"_id":{"$oid":"58d80f80c6c5571aff95844a"},"id":"PGX_IND_GSM217480","species":{"term_id":"NCBITaxon:9606","term_label":"Homo sapiens"},"sex":{"term_id":"PATO:0020002","term_label":"female genotypic sex"},"external_identifiers":[{"database":"Pubmed","identifier":"17925008"},{"database":"GEO","identifier":"GSM217480"},{"database":"GEO","identifier":"GSE8757"}],"updated":{"$date":"2017-03-26T18:59:00.631Z"}}
{"_id":{"$oid":"58d80f80c6c5571aff95844b"},"id":"PGX_IND_GSM217481","species":{"term_id":"NCBITaxon:9606","term_label":"Homo sapiens"},"sex":{"term_id":"PATO:0020002","term_label":"female genotypic sex"},"external_identifiers":[{"database":"Pubmed","identifier":"17925008"},{"database":"GEO","identifier":"GSM217481"},{"database":"GEO","identifier":"GSE8757"}],"updated":{"$date":"2017-03-26T18:59:00.632Z"}}
{"_id":{"$oid":"58d80f80c6c5571aff95844c"},"id":"PGX_IND_GSM217482","species":{"term_id":"NCBITaxon:9606","term_label":"Homo sapiens"},"sex":{"term_id":"PATO:0020002","term_label":"female genotypic sex"},"external_identifiers":[{"database":"Pubmed","identifier":"17925008"},{"database":"GEO","identifier":"GSM217482"},{"database":"GEO","identifier":"GSE8757"}],"updated":{"$date":"2017-03-26T18:59:00.632Z"}}
{"_id":{"$oid":"58d80f80c6c5571aff95844d"},"id":"PGX_IND_GSM217483","species":{"term_id":"NCBITaxon:9606","term_label":"Homo sapiens"},"sex":{"term_id":"PATO:0020002","term_label":"female genotypic sex"},"external_identifiers":[{"database":"Pubmed","identifier":"17925008"},{"database":"GEO","identifier":"GSM217483"},{"database":"GEO","identifier":"GSE8757"}],"updated":{"$date":"2017-03-26T18:59:00.633Z"}}
{"_id":{"$oid":"58d80f80c6c5571aff95844e"},"id":"PGX_IND_GSM217484","species":{"term_id":"NCBITaxon:9606","term_label":"Homo sapiens"},"sex":{"term_id":"PATO:0020002","term_label":"female genotypic sex"},"external_identifiers":[{"database":"Pubmed","identifier":"17925008"},{"database":"GEO","identifier":"GSM217484"},{"database":"GEO","identifier":"GSE8757"}],"updated":{"$date":"2017-03-26T18:59:00.633Z"}}
{"_id":{"$oid":"58d80f80c6c5571aff95844f"},"id":"PGX_IND_GSM217485","species":{"term_id":"NCBITaxon:9606","term_label":"Homo sapiens"},"sex":{"term_id":"PATO:0020002","term_label":"female genotypic sex"},"external_identifiers":[{"database":"Pubmed","identifier":"17925008"},{"database":"GEO","identifier":"GSM217485"},{"database":"GEO","identifier":"GSE8757"}],"updated":{"$date":"2017-03-26T18:59:00.634Z"}}
{"_id":{"$oid":"58d80f80c6c5571aff958450"},"id":"PGX_IND_GSM217486","species":{"term_id":"NCBITaxon:9606","term_label":"Homo sapiens"},"sex":{"term_id":"PATO:0020002","term_label":"female genotypic sex"},"external_identifiers":[{"database":"Pubmed","identifier":"17925008"},{"database":"GEO","identifier":"GSM217486"},{"database":"GEO","identifier":"GSE8757"}],"updated":{"$date":"2017-03-26T18:59:00.635Z"}}
{"_id":{"$oid":"58d80f80c6c5571aff958451"},"id":"PGX_IND_GSM217487","species":{"term_id":"NCBITaxon:9606","term_label":"Homo sapiens"},"sex":{"term_id":"PATO:0020002","term_label":"female genotypic sex"},"external_identifiers":[{"database":"Pubmed","identifier":"17925008"},{"database":"GEO","identifier":"GSM217487"},{"database":"GEO","identifier":"GSE8757"}],"updated":{"$date":"2017-03-26T18:59:00.635Z"}}
{"_id":{"$oid":"58d80f80c6c5571aff958452"},"id":"PGX_IND_GSM217488","species":{"term_id":"NCBITaxon:9606","term_label":"Homo sapiens"},"sex":{"term_id":"PATO:0020002","term_label":"female genotypic sex"},"external_identifiers":[{"database":"Pubmed","identifier":"17925008"},{"database":"GEO","identifier":"GSM217488"},{"database":"GEO","identifier":"GSE8757"}],"updated":{"$date":"2017-03-26T18:59:00.636Z"}}
{"_id":{"$oid":"58d80f80c6c5571aff958453"},"id":"PGX_IND_GSM217489","species":{"term_id":"NCBITaxon:9606","term_label":"Homo sapiens"},"sex":{"term_id":"PATO:0020002","term_label":"female genotypic sex"},"external_identifiers":[{"database":"Pubmed","identifier":"17925008"},{"database":"GEO","identifier":"GSM217489"},{"database":"GEO","identifier":"GSE8757"}],"updated":{"$date":"2017-03-26T18:59:00.637Z"}}
{"_id":{"$oid":"58d80f80c6c5571aff958454"},"id":"PGX_IND_GSM217491","species":{"term_id":"NCBITaxon:9606","term_label":"Homo sapiens"},"sex":{"term_id":"PATO:0020002","term_label":"female genotypic sex"},"external_identifiers":[{"database":"Pubmed","identifier":"17925008"},{"database":"GEO","identifier":"GSM217491"},{"database":"GEO","identifier":"GSE8757"}],"updated":{"$date":"2017-03-26T18:59:00.637Z"}}
{"_id":{"$oid":"58d80f80c6c5571aff958455"},"id":"PGX_IND_GSM217492","species":{"term_id":"NCBITaxon:9606","term_label":"Homo sapiens"},"sex":{"term_id":"PATO:0020002","term_label":"female genotypic sex"},"external_identifiers":[{"database":"Pubmed","identifier":"17925008"},{"database":"GEO","identifier":"GSM217492"},{"database":"GEO","identifier":"GSE8757"}],"updated":{"$date":"2017-03-26T18:59:00.638Z"}}
{"_id":{"$oid":"58d80f80c6c5571aff958456"},"id":"PGX_IND_GSM217493","species":{"term_id":"NCBITaxon:9606","term_label":"Homo sapiens"},"sex":{"term_id":"PATO:0020002","term_label":"female genotypic sex"},"external_identifiers":[{"database":"Pubmed","identifier":"17925008"},{"database":"GEO","identifier":"GSM217493"},{"database":"GEO","identifier":"GSE8757"}],"updated":{"$date":"2017-03-26T18:59:00.638Z"}}
{"_id":{"$oid":"58d80f80c6c5571aff958457"},"id":"PGX_IND_GSM217494","species":{"term_id":"NCBITaxon:9606","term_label":"Homo sapiens"},"sex":{"term_id":"PATO:0020002","term_label":"female genotypic sex"},"external_identifiers":[{"database":"Pubmed","identifier":"17925008"},{"database":"GEO","identifier":"GSM217494"},{"database":"GEO","identifier":"GSE8757"}],"updated":{"$date":"2017-03-26T18:59:00.639Z"}}
{"_id":{"$oid":"58d80f80c6c5571aff958458"},"id":"PGX_IND_GSM217495","species":{"term_id":"NCBITaxon:9606","term_label":"Homo sapiens"},"sex":{"term_id":"PATO:0020002","term_label":"female genotypic sex"},"external_identifiers":[{"database":"Pubmed","identifier":"17925008"},{"database":"GEO","identifier":"GSM217495"},{"database":"GEO","identifier":"GSE8757"}],"updated":{"$date":"2017-03-26T18:59:00.640Z"}}
{"_id":{"$oid":"58d80f80c6c5571aff958459"},"id":"PGX_IND_GSM217496","species":{"term_id":"NCBITaxon:9606","term_label":"Homo sapiens"},"sex":{"term_id":"PATO:0020002","term_label":"female genotypic sex"},"external_identifiers":[{"database":"Pubmed","identifier":"17925008"},{"database":"GEO","identifier":"GSM217496"},{"database":"GEO","identifier":"GSE8757"}],"updated":{"$date":"2017-03-26T18:59:00.640Z"}}
{"_id":{"$oid":"58d80f80c6c5571aff95845a"},"id":"PGX_IND_GSM217497","species":{"term_id":"NCBITaxon:9606","term_label":"Homo sapiens"},"sex":{"term_id":"PATO:0020002","term_label":"female genotypic sex"},"external_identifiers":[{"database":"Pubmed","identifier":"17925008"},{"database":"GEO","identifier":"GSM217497"},{"database":"GEO","identifier":"GSE8757"}],"updated":{"$date":"2017-03-26T18:59:00.641Z"}}
{"_id":{"$oid":"58d80f80c6c5571aff95845b"},"id":"PGX_IND_GSM217498","species":{"term_id":"NCBITaxon:9606","term_label":"Homo sapiens"},"sex":{"term_id":"PATO:0020002","term_label":"female genotypic sex"},"external_identifiers":[{"database":"Pubmed","identifier":"17925008"},{"database":"GEO","identifier":"GSM217498"},{"database":"GEO","identifier":"GSE8757"}],"updated":{"$date":"2017-03-26T18:59:00.641Z"}}
{"_id":{"$oid":"58d80f80c6c5571aff95845c"},"id":"PGX_IND_GSM217499","species":{"term_id":"NCBITaxon:9606","term_label":"Homo sapiens"},"sex":{"term_id":"PATO:0020002","term_label":"female genotypic sex"},"external_identifiers":[{"database":"Pubmed","identifier":"17925008"},{"database":"GEO","identifier":"GSM217499"},{"database":"GEO","identifier":"GSE8757"}],"updated":{"$date":"2017-03-26T18:59:00.642Z"}}
{"_id":{"$oid":"58d80f80c6c5571aff95845d"},"id":"PGX_IND_GSM217500","species":{"term_id":"NCBITaxon:9606","term_label":"Homo sapiens"},"sex":{"term_id":"PATO:0020002","term_label":"female genotypic sex"},"external_identifiers":[{"database":"Pubmed","identifier":"17925008"},{"database":"GEO","identifier":"GSM217500"},{"database":"GEO","identifier":"GSE8757"}],"updated":{"$date":"2017-03-26T18:59:00.642Z"}}
{"_id":{"$oid":"58d80f80c6c5571aff95845e"},"id":"PGX_IND_GSM217501","species":{"term_id":"NCBITaxon:9606","term_label":"Homo sapiens"},"sex":{"term_id":"PATO:0020002","term_label":"female genotypic sex"},"external_identifiers":[{"database":"Pubmed","identifier":"17925008"},{"database":"GEO","identifier":"GSM217501"},{"database":"GEO","identifier":"GSE8757"}],"updated":{"$date":"2017-03-26T18:59:00.643Z"}}
{"_id":{"$oid":"58d80f80c6c5571aff95845f"},"id":"PGX_IND_GSM217502","species":{"term_id":"NCBITaxon:9606","term_label":"Homo sapiens"},"sex":{"term_id":"PATO:0020002","term_label":"female genotypic sex"},"external_identifiers":[{"database":"Pubmed","identifier":"17925008"},{"database":"GEO","identifier":"GSM217502"},{"database":"GEO","identifier":"GSE8757"}],"updated":{"$date":"2017-03-26T18:59:00.644Z"}}
{"_id":{"$oid":"58d80f80c6c5571aff958460"},"id":"PGX_IND_GSM217503","species":{"term_id":"NCBITaxon:9606","term_label":"Homo sapiens"},"sex":{"term_id":"PATO:0020002","term_label":"female genotypic sex"},"external_identifiers":[{"database":"Pubmed","identifier":"17925008"},{"database":"GEO","identifier":"GSM217503"},{"database":"GEO","identifier":"GSE8757"}],"updated":{"$date":"2017-03-26T18:59:00.644Z"}}
{"_id":{"$oid":"58d80f80c6c5571aff958461"},"id":"PGX_IND_GSM217504","species":{"term_id":"NCBITaxon:9606","term_label":"Homo sapiens"},"sex":{"term_id":"PATO:0020002","term_label":"female genotypic sex"},"external_identifiers":[{"database":"Pubmed","identifier":"17925008"},{"database":"GEO","identifier":"GSM217504"},{"database":"GEO","identifier":"GSE8757"}],"updated":{"$date":"2017-03-26T18:59:00.645Z"}}
{"_id":{"$oid":"58d80f80c6c5571aff958462"},"id":"PGX_IND_GSM217505","species":{"term_id":"NCBITaxon:9606","term_label":"Homo sapiens"},"sex":{"term_id":"PATO:0020002","term_label":"female genotypic sex"},"external_identifiers":[{"database":"Pubmed","identifier":"17925008"},{"database":"GEO","identifier":"GSM217505"},{"database":"GEO","identifier":"GSE8757"}],"updated":{"$date":"2017-03-26T18:59:00.645Z"}}
{"_id":{"$oid":"58d80f80c6c5571aff958463"},"id":"PGX_IND_GSM217506","species":{"term_id":"NCBITaxon:9606","term_label":"Homo sapiens"},"sex":{"term_id":"PATO:0020002","term_label":"female genotypic sex"},"external_identifiers":[{"database":"Pubmed","identifier":"17925008"},{"database":"GEO","identifier":"GSM217506"},{"database":"GEO","identifier":"GSE8757"}],"updated":{"$date":"2017-03-26T18:59:00.646Z"}}
{"_id":{"$oid":"58d80f80c6c5571aff958464"},"id":"PGX_IND_GSM217507","species":{"term_id":"NCBITaxon:9606","term_label":"Homo sapiens"},"sex":{"term_id":"PATO:0020002","term_label":"female genotypic sex"},"external_identifiers":[{"database":"Pubmed","identifier":"17925008"},{"database":"GEO","identifier":"GSM217507"},{"database":"GEO","identifier":"GSE8757"}],"updated":{"$date":"2017-03-26T18:59:00.647Z"}}
{"_id":{"$oid":"58d80f80c6c5571aff958465"},"id":"PGX_IND_GSM217508","species":{"term_id":"NCBITaxon:9606","term_label":"Homo sapiens"},"sex":{"term_id":"PATO:0020002","term_label":"female genotypic sex"},"external_identifiers":[{"database":"Pubmed","identifier":"17925008"},{"database":"GEO","identifier":"GSM217508"},{"database":"GEO","identifier":"GSE8757"}],"updated":{"$date":"2017-03-26T18:59:00.647Z"}}
{"_id":{"$oid":"58d80f80c6c5571aff958466"},"id":"PGX_IND_GSM217509","species":{"term_id":"NCBITaxon:9606","term_label":"Homo sapiens"},"sex":{"term_id":"PATO:0020002","term_label":"female genotypic sex"},"external_identifiers":[{"database":"Pubmed","identifier":"17925008"},{"database":"GEO","identifier":"GSM217509"},{"database":"GEO","identifier":"GSE8757"}],"updated":{"$date":"2017-03-26T18:59:00.648Z"}}
{"_id":{"$oid":"58d80f80c6c5571aff958467"},"id":"PGX_IND_GSM217510","species":{"term_id":"NCBITaxon:9606","term_label":"Homo sapiens"},"sex":{"term_id":"PATO:0020002","term_label":"female genotypic sex"},"external_identifiers":[{"database":"Pubmed","identifier":"17925008"},{"database":"GEO","identifier":"GSM217510"},{"database":"GEO","identifier":"GSE8757"}],"updated":{"$date":"2017-03-26T18:59:00.648Z"}}
{"_id":{"$oid":"58d80f80c6c5571aff958468"},"id":"PGX_IND_GSM217511","species":{"term_id":"NCBITaxon:9606","term_label":"Homo sapiens"},"sex":{"term_id":"PATO:0020002","term_label":"female genotypic sex"},"external_identifiers":[{"database":"Pubmed","identifier":"17925008"},{"database":"GEO","identifier":"GSM217511"},{"database":"GEO","identifier":"GSE8757"}],"updated":{"$date":"2017-03-26T18:59:00.649Z"}}
{"_id":{"$oid":"58d80f80c6c5571aff958469"},"id":"PGX_IND_GSM217512","species":{"term_id":"NCBITaxon:9606","term_label":"Homo sapiens"},"sex":{"term_id":"PATO:0020002","term_label":"female genotypic sex"},"external_identifiers":[{"database":"Pubmed","identifier":"17925008"},{"database":"GEO","identifier":"GSM217512"},{"database":"GEO","identifier":"GSE8757"}],"updated":{"$date":"2017-03-26T18:59:00.649Z"}}
{"_id":{"$oid":"58d80f80c6c5571aff95846a"},"id":"PGX_IND_GSM217513","species":{"term_id":"NCBITaxon:9606","term_label":"Homo sapiens"},"sex":{"term_id":"PATO:0020002","term_label":"female genotypic sex"},"external_identifiers":[{"database":"Pubmed","identifier":"17925008"},{"database":"GEO","identifier":"GSM217513"},{"database":"GEO","identifier":"GSE8757"}],"updated":{"$date":"2017-03-26T18:59:00.650Z"}}
{"_id":{"$oid":"58d80f80c6c5571aff95846b"},"id":"PGX_IND_GSM217514","species":{"term_id":"NCBITaxon:9606","term_label":"Homo sapiens"},"sex":{"term_id":"PATO:0020002","term_label":"female genotypic sex"},"external_identifiers":[{"database":"Pubmed","identifier":"17925008"},{"database":"GEO","identifier":"GSM217514"},{"database":"GEO","identifier":"GSE8757"}],"updated":{"$date":"2017-03-26T18:59:00.651Z"}}
{"_id":{"$oid":"58d80f80c6c5571aff95846c"},"id":"PGX_IND_GSM217515","species":{"term_id":"NCBITaxon:9606","term_label":"Homo sapiens"},"sex":{"term_id":"PATO:0020002","term_label":"female genotypic sex"},"external_identifiers":[{"database":"Pubmed","identifier":"17925008"},{"database":"GEO","identifier":"GSM217515"},{"database":"GEO","identifier":"GSE8757"}],"updated":{"$date":"2017-03-26T18:59:00.651Z"}}
{"_id":{"$oid":"58d80f80c6c5571aff95846d"},"id":"PGX_IND_GSM217516","species":{"term_id":"NCBITaxon:9606","term_label":"Homo sapiens"},"sex":{"term_id":"PATO:0020002","term_label":"female genotypic sex"},"external_identifiers":[{"database":"Pubmed","identifier":"17925008"},{"database":"GEO","identifier":"GSM217516"},{"database":"GEO","identifier":"GSE8757"}],"updated":{"$date":"2017-03-26T18:59:00.652Z"}}
{"_id":{"$oid":"58d80f80c6c5571aff95846e"},"id":"PGX_IND_GSM217517","species":{"term_id":"NCBITaxon:9606","term_label":"Homo sapiens"},"sex":{"term_id":"PATO:0020002","term_label":"female genotypic sex"},"external_identifiers":[{"database":"Pubmed","identifier":"17925008"},{"database":"GEO","identifier":"GSM217517"},{"database":"GEO","identifier":"GSE8757"}],"updated":{"$date":"2017-03-26T18:59:00.653Z"}}
{"_id":{"$oid":"58d80f80c6c5571aff95846f"},"id":"PGX_IND_GSM217518","species":{"term_id":"NCBITaxon:9606","term_label":"Homo sapiens"},"sex":{"term_id":"PATO:0020002","term_label":"female genotypic sex"},"external_identifiers":[{"database":"Pubmed","identifier":"17925008"},{"database":"GEO","identifier":"GSM217518"},{"database":"GEO","identifier":"GSE8757"}],"updated":{"$date":"2017-03-26T18:59:00.653Z"}}
{"_id":{"$oid":"58d80f80c6c5571aff958470"},"id":"PGX_IND_GSM217519","species":{"term_id":"NCBITaxon:9606","term_label":"Homo sapiens"},"sex":{"term_id":"PATO:0020002","term_label":"female genotypic sex"},"external_identifiers":[{"database":"Pubmed","identifier":"17925008"},{"database":"GEO","identifier":"GSM217519"},{"database":"GEO","identifier":"GSE8757"}],"updated":{"$date":"2017-03-26T18:59:00.654Z"}}
{"_id":{"$oid":"58d80f80c6c5571aff958471"},"id":"PGX_IND_GSM217520","species":{"term_id":"NCBITaxon:9606","term_label":"Homo sapiens"},"sex":{"term_id":"PATO:0020002","term_label":"female genotypic sex"},"external_identifiers":[{"database":"Pubmed","identifier":"17925008"},{"database":"GEO","identifier":"GSM217520"},{"database":"GEO","identifier":"GSE8757"}],"updated":{"$date":"2017-03-26T18:59:00.655Z"}}
{"_id":{"$oid":"58d80f80c6c5571aff958472"},"id":"PGX_IND_GSM217521","species":{"term_id":"NCBITaxon:9606","term_label":"Homo sapiens"},"sex":{"term_id":"PATO:0020002","term_label":"female genotypic sex"},"external_identifiers":[{"database":"Pubmed","identifier":"17925008"},{"database":"GEO","identifier":"GSM217521"},{"database":"GEO","identifier":"GSE8757"}],"updated":{"$date":"2017-03-26T18:59:00.656Z"}}
{"_id":{"$oid":"58d80f80c6c5571aff958473"},"id":"PGX_IND_GSM217522","species":{"term_id":"NCBITaxon:9606","term_label":"Homo sapiens"},"sex":{"term_id":"PATO:0020002","term_label":"female genotypic sex"},"external_identifiers":[{"database":"Pubmed","identifier":"17925008"},{"database":"GEO","identifier":"GSM217522"},{"database":"GEO","identifier":"GSE8757"}],"updated":{"$date":"2017-03-26T18:59:00.656Z"}}
{"_id":{"$oid":"58d80f80c6c5571aff958474"},"id":"PGX_IND_GSM217523","species":{"term_id":"NCBITaxon:9606","term_label":"Homo sapiens"},"sex":{"term_id":"PATO:0020002","term_label":"female genotypic sex"},"external_identifiers":[{"database":"Pubmed","identifier":"17925008"},{"database":"GEO","identifier":"GSM217523"},{"database":"GEO","identifier":"GSE8757"}],"updated":{"$date":"2017-03-26T18:59:00.657Z"}}
{"_id":{"$oid":"58d80f80c6c5571aff958475"},"id":"PGX_IND_GSM217524","species":{"term_id":"NCBITaxon:9606","term_label":"Homo sapiens"},"sex":{"term_id":"PATO:0020002","term_label":"female genotypic sex"},"external_identifiers":[{"database":"Pubmed","identifier":"17925008"},{"database":"GEO","identifier":"GSM217524"},{"database":"GEO","identifier":"GSE8757"}],"updated":{"$date":"2017-03-26T18:59:00.658Z"}}
{"_id":{"$oid":"58d80f80c6c5571aff958476"},"id":"PGX_IND_GSM217525","species":{"term_id":"NCBITaxon:9606","term_label":"Homo sapiens"},"sex":{"term_id":"PATO:0020002","term_label":"female genotypic sex"},"external_identifiers":[{"database":"Pubmed","identifier":"17925008"},{"database":"GEO","identifier":"GSM217525"},{"database":"GEO","identifier":"GSE8757"}],"updated":{"$date":"2017-03-26T18:59:00.658Z"}}
{"_id":{"$oid":"58d80f80c6c5571aff958477"},"id":"PGX_IND_GSM217526","species":{"term_id":"NCBITaxon:9606","term_label":"Homo sapiens"},"sex":{"term_id":"PATO:0020002","term_label":"female genotypic sex"},"external_identifiers":[{"database":"Pubmed","identifier":"17925008"},{"database":"GEO","identifier":"GSM217526"},{"database":"GEO","identifier":"GSE8757"}],"updated":{"$date":"2017-03-26T18:59:00.659Z"}}
{"_id":{"$oid":"58d80f80c6c5571aff958478"},"id":"PGX_IND_GSM217527","species":{"term_id":"NCBITaxon:9606","term_label":"Homo sapiens"},"sex":{"term_id":"PATO:0020002","term_label":"female genotypic sex"},"external_identifiers":[{"database":"Pubmed","identifier":"17925008"},{"database":"GEO","identifier":"GSM217527"},{"database":"GEO","identifier":"GSE8757"}],"updated":{"$date":"2017-03-26T18:59:00.659Z"}}
{"_id":{"$oid":"58d80f80c6c5571aff958479"},"id":"PGX_IND_GSM217528","species":{"term_id":"NCBITaxon:9606","term_label":"Homo sapiens"},"sex":{"term_id":"PATO:0020002","term_label":"female genotypic sex"},"external_identifiers":[{"database":"Pubmed","identifier":"17925008"},{"database":"GEO","identifier":"GSM217528"},{"database":"GEO","identifier":"GSE8757"}],"updated":{"$date":"2017-03-26T18:59:00.660Z"}}
{"_id":{"$oid":"58d80f80c6c5571aff95847a"},"id":"PGX_IND_GSM217529","species":{"term_id":"NCBITaxon:9606","term_label":"Homo sapiens"},"sex":{"term_id":"PATO:0020002","term_label":"female genotypic sex"},"external_identifiers":[{"database":"Pubmed","identifier":"17925008"},{"database":"GEO","identifier":"GSM217529"},{"database":"GEO","identifier":"GSE8757"}],"updated":{"$date":"2017-03-26T18:59:00.660Z"}}
{"_id":{"$oid":"58d80f80c6c5571aff95847b"},"id":"PGX_IND_GSM217530","species":{"term_id":"NCBITaxon:9606","term_label":"Homo sapiens"},"sex":{"term_id":"PATO:0020002","term_label":"female genotypic sex"},"external_identifiers":[{"database":"Pubmed","identifier":"17925008"},{"database":"GEO","identifier":"GSM217530"},{"database":"GEO","identifier":"GSE8757"}],"updated":{"$date":"2017-03-26T18:59:00.661Z"}}
{"_id":{"$oid":"58d80f80c6c5571aff95847c"},"id":"PGX_IND_GSM217531","species":{"term_id":"NCBITaxon:9606","term_label":"Homo sapiens"},"sex":{"term_id":"PATO:0020002","term_label":"female genotypic sex"},"external_identifiers":[{"database":"Pubmed","identifier":"17925008"},{"database":"GEO","identifier":"GSM217531"},{"database":"GEO","identifier":"GSE8757"}],"updated":{"$date":"2017-03-26T18:59:00.662Z"}}
{"_id":{"$oid":"58d80f80c6c5571aff95847d"},"id":"PGX_IND_GSM217532","species":{"term_id":"NCBITaxon:9606","term_label":"Homo sapiens"},"sex":{"term_id":"PATO:0020002","term_label":"female genotypic sex"},"external_identifiers":[{"database":"Pubmed","identifier":"17925008"},{"database":"GEO","identifier":"GSM217532"},{"database":"GEO","identifier":"GSE8757"}],"updated":{"$date":"2017-03-26T18:59:00.662Z"}}
{"_id":{"$oid":"58d80f80c6c5571aff95847e"},"id":"PGX_IND_GSM217533","species":{"term_id":"NCBITaxon:9606","term_label":"Homo sapiens"},"sex":{"term_id":"PATO:0020002","term_label":"female genotypic sex"},"external_identifiers":[{"database":"Pubmed","identifier":"17925008"},{"database":"GEO","identifier":"GSM217533"},{"database":"GEO","identifier":"GSE8757"}],"updated":{"$date":"2017-03-26T18:59:00.663Z"}}
{"_id":{"$oid":"58d80f80c6c5571aff95847f"},"id":"PGX_IND_GSM217534","species":{"term_id":"NCBITaxon:9606","term_label":"Homo sapiens"},"sex":{"term_id":"PATO:0020002","term_label":"female genotypic sex"},"external_identifiers":[{"database":"Pubmed","identifier":"17925008"},{"database":"GEO","identifier":"GSM217534"},{"database":"GEO","identifier":"GSE8757"}],"updated":{"$date":"2017-03-26T18:59:00.663Z"}}
{"_id":{"$oid":"58d80f80c6c5571aff958480"},"id":"PGX_IND_GSM217535","species":{"term_id":"NCBITaxon:9606","term_label":"Homo sapiens"},"sex":{"term_id":"PATO:0020002","term_label":"female genotypic sex"},"external_identifiers":[{"database":"Pubmed","identifier":"17925008"},{"database":"GEO","identifier":"GSM217535"},{"database":"GEO","identifier":"GSE8757"}],"updated":{"$date":"2017-03-26T18:59:00.664Z"}}
{"_id":{"$oid":"58d80f80c6c5571aff958481"},"id":"PGX_IND_GSM217536","species":{"term_id":"NCBITaxon:9606","term_label":"Homo sapiens"},"sex":{"term_id":"PATO:0020002","term_label":"female genotypic sex"},"external_identifiers":[{"database":"Pubmed","identifier":"17925008"},{"database":"GEO","identifier":"GSM217536"},{"database":"GEO","identifier":"GSE8757"}],"updated":{"$date":"2017-03-26T18:59:00.665Z"}}
{"_id":{"$oid":"58d80f80c6c5571aff958482"},"id":"PGX_IND_GSM217537","species":{"term_id":"NCBITaxon:9606","term_label":"Homo sapiens"},"sex":{"term_id":"PATO:0020002","term_label":"female genotypic sex"},"external_identifiers":[{"database":"Pubmed","identifier":"17925008"},{"database":"GEO","identifier":"GSM217537"},{"database":"GEO","identifier":"GSE8757"}],"updated":{"$date":"2017-03-26T18:59:00.666Z"}}
{"_id":{"$oid":"58d80f80c6c5571aff958483"},"id":"PGX_IND_GSM217538","species":{"term_id":"NCBITaxon:9606","term_label":"Homo sapiens"},"sex":{"term_id":"PATO:0020002","term_label":"female genotypic sex"},"external_identifiers":[{"database":"Pubmed","identifier":"17925008"},{"database":"GEO","identifier":"GSM217538"},{"database":"GEO","identifier":"GSE8757"}],"updated":{"$date":"2017-03-26T18:59:00.666Z"}}
{"_id":{"$oid":"58d80f80c6c5571aff958484"},"id":"PGX_IND_GSM217539","species":{"term_id":"NCBITaxon:9606","term_label":"Homo sapiens"},"sex":{"term_id":"PATO:0020002","term_label":"female genotypic sex"},"external_identifiers":[{"database":"Pubmed","identifier":"17925008"},{"database":"GEO","identifier":"GSM217539"},{"database":"GEO","identifier":"GSE8757"}],"updated":{"$date":"2017-03-26T18:59:00.667Z"}}
{"_id":{"$oid":"58d80f80c6c5571aff958485"},"id":"PGX_IND_GSM217540","species":{"term_id":"NCBITaxon:9606","term_label":"Homo sapiens"},"sex":{"term_id":"PATO:0020002","term_label":"female genotypic sex"},"external_identifiers":[{"database":"Pubmed","identifier":"17925008"},{"database":"GEO","identifier":"GSM217540"},{"database":"GEO","identifier":"GSE8757"}],"updated":{"$date":"2017-03-26T18:59:00.668Z"}}
{"_id":{"$oid":"58d80f80c6c5571aff958486"},"id":"PGX_IND_GSM217541","species":{"term_id":"NCBITaxon:9606","term_label":"Homo sapiens"},"sex":{"term_id":"PATO:0020002","term_label":"female genotypic sex"},"external_identifiers":[{"database":"Pubmed","identifier":"17925008"},{"database":"GEO","identifier":"GSM217541"},{"database":"GEO","identifier":"GSE8757"}],"updated":{"$date":"2017-03-26T18:59:00.668Z"}}
{"_id":{"$oid":"58d80f80c6c5571aff958487"},"id":"PGX_IND_GSM217542","species":{"term_id":"NCBITaxon:9606","term_label":"Homo sapiens"},"sex":{"term_id":"PATO:0020002","term_label":"female genotypic sex"},"external_identifiers":[{"database":"Pubmed","identifier":"17925008"},{"database":"GEO","identifier":"GSM217542"},{"database":"GEO","identifier":"GSE8757"}],"updated":{"$date":"2017-03-26T18:59:00.669Z"}}
{"_id":{"$oid":"58d80f80c6c5571aff958488"},"id":"PGX_IND_GSM217543","species":{"term_id":"NCBITaxon:9606","term_label":"Homo sapiens"},"sex":{"term_id":"PATO:0020002","term_label":"female genotypic sex"},"external_identifiers":[{"database":"Pubmed","identifier":"17925008"},{"database":"GEO","identifier":"GSM217543"},{"database":"GEO","identifier":"GSE8757"}],"updated":{"$date":"2017-03-26T18:59:00.669Z"}}
{"_id":{"$oid":"58d80f80c6c5571aff958489"},"id":"PGX_IND_GSM217544","species":{"term_id":"NCBITaxon:9606","term_label":"Homo sapiens"},"sex":{"term_id":"PATO:0020002","term_label":"female genotypic sex"},"external_identifiers":[{"database":"Pubmed","identifier":"17925008"},{"database":"GEO","identifier":"GSM217544"},{"database":"GEO","identifier":"GSE8757"}],"updated":{"$date":"2017-03-26T18:59:00.670Z"}}
{"_id":{"$oid":"58d80f80c6c5571aff95848a"},"id":"PGX_IND_GSM217545","species":{"term_id":"NCBITaxon:9606","term_label":"Homo sapiens"},"sex":{"term_id":"PATO:0020002","term_label":"female genotypic sex"},"external_identifiers":[{"database":"Pubmed","identifier":"17925008"},{"database":"GEO","identifier":"GSM217545"},{"database":"GEO","identifier":"GSE8757"}],"updated":{"$date":"2017-03-26T18:59:00.671Z"}}
{"_id":{"$oid":"58d80f80c6c5571aff95848b"},"id":"PGX_IND_GSM217546","species":{"term_id":"NCBITaxon:9606","term_label":"Homo sapiens"},"sex":{"term_id":"PATO:0020002","term_label":"female genotypic sex"},"external_identifiers":[{"database":"Pubmed","identifier":"17925008"},{"database":"GEO","identifier":"GSM217546"},{"database":"GEO","identifier":"GSE8757"}],"updated":{"$date":"2017-03-26T18:59:00.671Z"}}
{"_id":{"$oid":"58d80f80c6c5571aff95848c"},"id":"PGX_IND_GSM217547","species":{"term_id":"NCBITaxon:9606","term_label":"Homo sapiens"},"sex":{"term_id":"PATO:0020002","term_label":"female genotypic sex"},"external_identifiers":[{"database":"Pubmed","identifier":"17925008"},{"database":"GEO","identifier":"GSM217547"},{"database":"GEO","identifier":"GSE8757"}],"updated":{"$date":"2017-03-26T18:59:00.672Z"}}
{"_id":{"$oid":"58d80f80c6c5571aff95848d"},"id":"PGX_IND_GSM217549","species":{"term_id":"NCBITaxon:9606","term_label":"Homo sapiens"},"sex":{"term_id":"PATO:0020002","term_label":"female genotypic sex"},"external_identifiers":[{"database":"Pubmed","identifier":"17925008"},{"database":"GEO","identifier":"GSM217549"},{"database":"GEO","identifier":"GSE8757"}],"updated":{"$date":"2017-03-26T18:59:00.672Z"}}
{"_id":{"$oid":"58d80f80c6c5571aff95848e"},"id":"PGX_IND_GSM217550","species":{"term_id":"NCBITaxon:9606","term_label":"Homo sapiens"},"sex":{"term_id":"PATO:0020002","term_label":"female genotypic sex"},"external_identifiers":[{"database":"Pubmed","identifier":"17925008"},{"database":"GEO","identifier":"GSM217550"},{"database":"GEO","identifier":"GSE8757"}],"updated":{"$date":"2017-03-26T18:59:00.673Z"}}
{"_id":{"$oid":"58d80f80c6c5571aff95848f"},"id":"PGX_IND_GSM217551","species":{"term_id":"NCBITaxon:9606","term_label":"Homo sapiens"},"sex":{"term_id":"PATO:0020002","term_label":"female genotypic sex"},"external_identifiers":[{"database":"Pubmed","identifier":"17925008"},{"database":"GEO","identifier":"GSM217551"},{"database":"GEO","identifier":"GSE8757"}],"updated":{"$date":"2017-03-26T18:59:00.674Z"}}
{"_id":{"$oid":"58d80f80c6c5571aff958490"},"id":"PGX_IND_GSM217552","species":{"term_id":"NCBITaxon:9606","term_label":"Homo sapiens"},"sex":{"term_id":"PATO:0020002","term_label":"female genotypic sex"},"external_identifiers":[{"database":"Pubmed","identifier":"17925008"},{"database":"GEO","identifier":"GSM217552"},{"database":"GEO","identifier":"GSE8757"}],"updated":{"$date":"2017-03-26T18:59:00.674Z"}}
{"_id":{"$oid":"58d80f80c6c5571aff958491"},"id":"PGX_IND_GSM217553","species":{"term_id":"NCBITaxon:9606","term_label":"Homo sapiens"},"sex":{"term_id":"PATO:0020002","term_label":"female genotypic sex"},"external_identifiers":[{"database":"Pubmed","identifier":"17925008"},{"database":"GEO","identifier":"GSM217553"},{"database":"GEO","identifier":"GSE8757"}],"updated":{"$date":"2017-03-26T18:59:00.675Z"}}
{"_id":{"$oid":"58d80f80c6c5571aff958492"},"id":"PGX_IND_GSM217554","species":{"term_id":"NCBITaxon:9606","term_label":"Homo sapiens"},"sex":{"term_id":"PATO:0020002","term_label":"female genotypic sex"},"external_identifiers":[{"database":"Pubmed","identifier":"17925008"},{"database":"GEO","identifier":"GSM217554"},{"database":"GEO","identifier":"GSE8757"}],"updated":{"$date":"2017-03-26T18:59:00.676Z"}}
{"_id":{"$oid":"58d80f80c6c5571aff958493"},"id":"PGX_IND_GSM217555","species":{"term_id":"NCBITaxon:9606","term_label":"Homo sapiens"},"sex":{"term_id":"PATO:0020002","term_label":"female genotypic sex"},"external_identifiers":[{"database":"Pubmed","identifier":"17925008"},{"database":"GEO","identifier":"GSM217555"},{"database":"GEO","identifier":"GSE8757"}],"updated":{"$date":"2017-03-26T18:59:00.676Z"}}
{"_id":{"$oid":"58d80f80c6c5571aff958494"},"id":"PGX_IND_GSM217556","species":{"term_id":"NCBITaxon:9606","term_label":"Homo sapiens"},"sex":{"term_id":"PATO:0020002","term_label":"female genotypic sex"},"external_identifiers":[{"database":"Pubmed","identifier":"17925008"},{"database":"GEO","identifier":"GSM217556"},{"database":"GEO","identifier":"GSE8757"}],"updated":{"$date":"2017-03-26T18:59:00.677Z"}}
{"_id":{"$oid":"58d80f80c6c5571aff958495"},"id":"PGX_IND_GSM217557","species":{"term_id":"NCBITaxon:9606","term_label":"Homo sapiens"},"sex":{"term_id":"PATO:0020002","term_label":"female genotypic sex"},"external_identifiers":[{"database":"Pubmed","identifier":"17925008"},{"database":"GEO","identifier":"GSM217557"},{"database":"GEO","identifier":"GSE8757"}],"updated":{"$date":"2017-03-26T18:59:00.677Z"}}
{"_id":{"$oid":"58d80f80c6c5571aff958496"},"id":"PGX_IND_GSM217558","species":{"term_id":"NCBITaxon:9606","term_label":"Homo sapiens"},"sex":{"term_id":"PATO:0020002","term_label":"female genotypic sex"},"external_identifiers":[{"database":"Pubmed","identifier":"17925008"},{"database":"GEO","identifier":"GSM217558"},{"database":"GEO","identifier":"GSE8757"}],"updated":{"$date":"2017-03-26T18:59:00.678Z"}}
{"_id":{"$oid":"58d80f80c6c5571aff958497"},"id":"PGX_IND_GSM217559","species":{"term_id":"NCBITaxon:9606","term_label":"Homo sapiens"},"sex":{"term_id":"PATO:0020002","term_label":"female genotypic sex"},"external_identifiers":[{"database":"Pubmed","identifier":"17925008"},{"database":"GEO","identifier":"GSM217559"},{"database":"GEO","identifier":"GSE8757"}],"updated":{"$date":"2017-03-26T18:59:00.679Z"}}
{"_id":{"$oid":"58d80f80c6c5571aff958498"},"id":"PGX_IND_GSM217560","species":{"term_id":"NCBITaxon:9606","term_label":"Homo sapiens"},"sex":{"term_id":"PATO:0020002","term_label":"female genotypic sex"},"external_identifiers":[{"database":"Pubmed","identifier":"17925008"},{"database":"GEO","identifier":"GSM217560"},{"database":"GEO","identifier":"GSE8757"}],"updated":{"$date":"2017-03-26T18:59:00.679Z"}}
{"_id":{"$oid":"58d80f80c6c5571aff958499"},"id":"PGX_IND_GSM217561","species":{"term_id":"NCBITaxon:9606","term_label":"Homo sapiens"},"sex":{"term_id":"PATO:0020002","term_label":"female genotypic sex"},"external_identifiers":[{"database":"Pubmed","identifier":"17925008"},{"database":"GEO","identifier":"GSM217561"},{"database":"GEO","identifier":"GSE8757"}],"updated":{"$date":"2017-03-26T18:59:00.680Z"}}
{"_id":{"$oid":"58d80f80c6c5571aff95849a"},"id":"PGX_IND_GSM217562","species":{"term_id":"NCBITaxon:9606","term_label":"Homo sapiens"},"sex":{"term_id":"PATO:0020002","term_label":"female genotypic sex"},"external_identifiers":[{"database":"Pubmed","identifier":"17925008"},{"database":"GEO","identifier":"GSM217562"},{"database":"GEO","identifier":"GSE8757"}],"updated":{"$date":"2017-03-26T18:59:00.681Z"}}
{"_id":{"$oid":"58d80f80c6c5571aff95849b"},"id":"PGX_IND_GSM217563","species":{"term_id":"NCBITaxon:9606","term_label":"Homo sapiens"},"sex":{"term_id":"PATO:0020002","term_label":"female genotypic sex"},"external_identifiers":[{"database":"Pubmed","identifier":"17925008"},{"database":"GEO","identifier":"GSM217563"},{"database":"GEO","identifier":"GSE8757"}],"updated":{"$date":"2017-03-26T18:59:00.681Z"}}
{"_id":{"$oid":"58d80f80c6c5571aff95849c"},"id":"PGX_IND_GSM217564","species":{"term_id":"NCBITaxon:9606","term_label":"Homo sapiens"},"sex":{"term_id":"PATO:0020002","term_label":"female genotypic sex"},"external_identifiers":[{"database":"Pubmed","identifier":"17925008"},{"database":"GEO","identifier":"GSM217564"},{"database":"GEO","identifier":"GSE8757"}],"updated":{"$date":"2017-03-26T18:59:00.682Z"}}
{"_id":{"$oid":"58d80f80c6c5571aff95849d"},"id":"PGX_IND_GSM217565","species":{"term_id":"NCBITaxon:9606","term_label":"Homo sapiens"},"sex":{"term_id":"PATO:0020002","term_label":"female genotypic sex"},"external_identifiers":[{"database":"Pubmed","identifier":"17925008"},{"database":"GEO","identifier":"GSM217565"},{"database":"GEO","identifier":"GSE8757"}],"updated":{"$date":"2017-03-26T18:59:00.683Z"}}
{"_id":{"$oid":"58d80f80c6c5571aff95849e"},"id":"PGX_IND_GSM217566","species":{"term_id":"NCBITaxon:9606","term_label":"Homo sapiens"},"sex":{"term_id":"PATO:0020002","term_label":"female genotypic sex"},"external_identifiers":[{"database":"Pubmed","identifier":"17925008"},{"database":"GEO","identifier":"GSM217566"},{"database":"GEO","identifier":"GSE8757"}],"updated":{"$date":"2017-03-26T18:59:00.683Z"}}
{"_id":{"$oid":"58d80f80c6c5571aff95849f"},"id":"PGX_IND_GSM217548","species":{"term_id":"NCBITaxon:9606","term_label":"Homo sapiens"},"sex":{"term_id":"PATO:0020002","term_label":"female genotypic sex"},"external_identifiers":[{"database":"Pubmed","identifier":"17925008"},{"database":"GEO","identifier":"GSM217548"},{"database":"GEO","identifier":"GSE8757"}],"updated":{"$date":"2017-03-26T18:59:00.684Z"}}
{"_id":{"$oid":"58d80f80c6c5571aff9584a0"},"id":"PGX_IND_BrCa-fri-S0001","species":{"term_id":"NCBITaxon:9606","term_label":"Homo sapiens"},"sex":{"term_id":"PATO:0020002","term_label":"female genotypic sex"},"external_identifiers":[{"database":"Pubmed","identifier":"16620391"}],"updated":{"$date":"2017-03-26T18:59:00.685Z"}}
{"_id":{"$oid":"58d80f80c6c5571aff9584a1"},"id":"PGX_IND_BrCa-fri-S0013","species":{"term_id":"NCBITaxon:9606","term_label":"Homo sapiens"},"sex":{"term_id":"PATO:0020002","term_label":"female genotypic sex"},"external_identifiers":[{"database":"Pubmed","identifier":"16620391"}],"updated":{"$date":"2017-03-26T18:59:00.691Z"}}
{"_id":{"$oid":"58d80f80c6c5571aff9584a2"},"id":"PGX_IND_BrCa-fri-S0021","species":{"term_id":"NCBITaxon:9606","term_label":"Homo sapiens"},"sex":{"term_id":"PATO:0020002","term_label":"female genotypic sex"},"external_identifiers":[{"database":"Pubmed","identifier":"16620391"}],"updated":{"$date":"2017-03-26T18:59:00.692Z"}}
{"_id":{"$oid":"58d80f80c6c5571aff9584a3"},"id":"PGX_IND_BrCa-fri-S0033","species":{"term_id":"NCBITaxon:9606","term_label":"Homo sapiens"},"sex":{"term_id":"PATO:0020002","term_label":"female genotypic sex"},"external_identifiers":[{"database":"Pubmed","identifier":"16620391"}],"updated":{"$date":"2017-03-26T18:59:00.692Z"}}
{"_id":{"$oid":"58d80f80c6c5571aff9584a4"},"id":"PGX_IND_BrCa-fri-S0041","species":{"term_id":"NCBITaxon:9606","term_label":"Homo sapiens"},"sex":{"term_id":"PATO:0020002","term_label":"female genotypic sex"},"external_identifiers":[{"database":"Pubmed","identifier":"16620391"}],"updated":{"$date":"2017-03-26T18:59:00.692Z"}}
{"_id":{"$oid":"58d80f80c6c5571aff9584a5"},"id":"PGX_IND_BrCa-fri-S0050","species":{"term_id":"NCBITaxon:9606","term_label":"Homo sapiens"},"sex":{"term_id":"PATO:0020002","term_label":"female genotypic sex"},"external_identifiers":[{"database":"Pubmed","identifier":"16620391"}],"updated":{"$date":"2017-03-26T18:59:00.693Z"}}
{"_id":{"$oid":"58d80f80c6c5571aff9584a6"},"id":"PGX_IND_BrCa-fri-S0051","species":{"term_id":"NCBITaxon:9606","term_label":"Homo sapiens"},"sex":{"term_id":"PATO:0020002","term_label":"female genotypic sex"},"external_identifiers":[{"database":"Pubmed","identifier":"16620391"}],"updated":{"$date":"2017-03-26T18:59:00.693Z"}}
{"_id":{"$oid":"58d80f80c6c5571aff9584a7"},"id":"PGX_IND_BrCa-fri-S0052","species":{"term_id":"NCBITaxon:9606","term_label":"Homo sapiens"},"sex":{"term_id":"PATO:0020002","term_label":"female genotypic sex"},"external_identifiers":[{"database":"Pubmed","identifier":"16620391"}],"updated":{"$date":"2017-03-26T18:59:00.693Z"}}
{"_id":{"$oid":"58d80f80c6c5571aff9584a8"},"id":"PGX_IND_BrCa-fri-S0055","species":{"term_id":"NCBITaxon:9606","term_label":"Homo sapiens"},"sex":{"term_id":"PATO:0020002","term_label":"female genotypic sex"},"external_identifiers":[{"database":"Pubmed","identifier":"16620391"}],"updated":{"$date":"2017-03-26T18:59:00.694Z"}}
{"_id":{"$oid":"58d80f80c6c5571aff9584a9"},"id":"PGX_IND_BrCa-fri-S0059","species":{"term_id":"NCBITaxon:9606","term_label":"Homo sapiens"},"sex":{"term_id":"PATO:0020002","term_label":"female genotypic sex"},"external_identifiers":[{"database":"Pubmed","identifier":"16620391"}],"updated":{"$date":"2017-03-26T18:59:08.043Z"}}
{"_id":{"$oid":"58d80f80c6c5571aff9584aa"},"id":"PGX_IND_BrCa-fri-S0066","species":{"term_id":"NCBITaxon:9606","term_label":"Homo sapiens"},"sex":{"term_id":"PATO:0020002","term_label":"female genotypic sex"},"external_identifiers":[{"database":"Pubmed","identifier":"16620391"}],"updated":{"$date":"2017-03-26T18:59:08.043Z"}}
{"_id":{"$oid":"58d80f80c6c5571aff9584ab"},"id":"PGX_IND_BrCa-fri-S0077","species":{"term_id":"NCBITaxon:9606","term_label":"Homo sapiens"},"sex":{"term_id":"PATO:0020002","term_label":"female genotypic sex"},"external_identifiers":[{"database":"Pubmed","identifier":"16620391"}],"updated":{"$date":"2017-03-26T18:59:08.044Z"}}
{"_id":{"$oid":"58d80f80c6c5571aff9584ac"},"id":"PGX_IND_BrCa-fri-S0081","species":{"term_id":"NCBITaxon:9606","term_label":"Homo sapiens"},"sex":{"term_id":"PATO:0020002","term_label":"female genotypic sex"},"external_identifiers":[{"database":"Pubmed","identifier":"16620391"}],"updated":{"$date":"2017-03-26T18:59:08.044Z"}}
{"_id":{"$oid":"58d80f80c6c5571aff9584ad"},"id":"PGX_IND_BrCa-fri-S0104","species":{"term_id":"NCBITaxon:9606","term_label":"Homo sapiens"},"sex":{"term_id":"PATO:0020002","term_label":"female genotypic sex"},"external_identifiers":[{"database":"Pubmed","identifier":"16620391"}],"updated":{"$date":"2017-03-26T18:59:08.044Z"}}
{"_id":{"$oid":"58d80f80c6c5571aff9584ae"},"id":"PGX_IND_BrCa-fri-S0117","species":{"term_id":"NCBITaxon:9606","term_label":"Homo sapiens"},"sex":{"term_id":"PATO:0020002","term_label":"female genotypic sex"},"external_identifiers":[{"database":"Pubmed","identifier":"16620391"}],"updated":{"$date":"2017-03-26T18:59:08.045Z"}}
{"_id":{"$oid":"58d80f80c6c5571aff9584af"},"id":"PGX_IND_BrCa-fri-S0126","species":{"term_id":"NCBITaxon:9606","term_label":"Homo sapiens"},"sex":{"term_id":"PATO:0020002","term_label":"female genotypic sex"},"external_identifiers":[{"database":"Pubmed","identifier":"16620391"}],"updated":{"$date":"2017-03-26T18:59:08.045Z"}}
{"_id":{"$oid":"58d80f80c6c5571aff9584b0"},"id":"PGX_IND_BrCa-fri-S0127","species":{"term_id":"NCBITaxon:9606","term_label":"Homo sapiens"},"sex":{"term_id":"PATO:0020002","term_label":"female genotypic sex"},"external_identifiers":[{"database":"Pubmed","identifier":"16620391"}],"updated":{"$date":"2017-03-26T18:59:08.045Z"}}
{"_id":{"$oid":"58d80f80c6c5571aff9584b1"},"id":"PGX_IND_BrCa-fri-S0132","species":{"term_id":"NCBITaxon:9606","term_label":"Homo sapiens"},"sex":{"term_id":"PATO:0020002","term_label":"female genotypic sex"},"external_identifiers":[{"database":"Pubmed","identifier":"16620391"}],"updated":{"$date":"2017-03-26T18:59:08.045Z"}}
{"_id":{"$oid":"58d80f80c6c5571aff9584b2"},"id":"PGX_IND_BrCa-fri-S0195","species":{"term_id":"NCBITaxon:9606","term_label":"Homo sapiens"},"sex":{"term_id":"PATO:0020002","term_label":"female genotypic sex"},"external_identifiers":[{"database":"Pubmed","identifier":"16620391"}],"updated":{"$date":"2017-03-26T18:59:08.046Z"}}
{"_id":{"$oid":"58d80f80c6c5571aff9584b3"},"id":"PGX_IND_BrCa-fri-S0257","species":{"term_id":"NCBITaxon:9606","term_label":"Homo sapiens"},"sex":{"term_id":"PATO:0020002","term_label":"female genotypic sex"},"external_identifiers":[{"database":"Pubmed","identifier":"16620391"}],"updated":{"$date":"2017-03-26T18:59:08.046Z"}}
{"_id":{"$oid":"58d80f80c6c5571aff9584b4"},"id":"PGX_IND_BrCa-fri-S0303","species":{"term_id":"NCBITaxon:9606","term_label":"Homo sapiens"},"sex":{"term_id":"PATO:0020002","term_label":"female genotypic sex"},"external_identifiers":[{"database":"Pubmed","identifier":"16620391"}],"updated":{"$date":"2017-03-26T18:59:08.046Z"}}
{"_id":{"$oid":"58d80f80c6c5571aff9584b5"},"id":"PGX_IND_BrCa-fri-S1503","species":{"term_id":"NCBITaxon:9606","term_label":"Homo sapiens"},"sex":{"term_id":"PATO:0020002","term_label":"female genotypic sex"},"external_identifiers":[{"database":"Pubmed","identifier":"16620391"}],"updated":{"$date":"2017-03-26T18:59:08.047Z"}}
{"_id":{"$oid":"58d80f80c6c5571aff9584b6"},"id":"PGX_IND_BrCa-fri-S1504","species":{"term_id":"NCBITaxon:9606","term_label":"Homo sapiens"},"sex":{"term_id":"PATO:0020002","term_label":"female genotypic sex"},"external_identifiers":[{"database":"Pubmed","identifier":"16620391"}],"updated":{"$date":"2017-03-26T18:59:08.047Z"}}
{"_id":{"$oid":"58d80f80c6c5571aff9584b7"},"id":"PGX_IND_BrCa-fri-S1506","species":{"term_id":"NCBITaxon:9606","term_label":"Homo sapiens"},"sex":{"term_id":"PATO:0020002","term_label":"female genotypic sex"},"external_identifiers":[{"database":"Pubmed","identifier":"16620391"}],"updated":{"$date":"2017-03-26T18:59:08.047Z"}}
{"_id":{"$oid":"58d80f80c6c5571aff9584b8"},"id":"PGX_IND_BrCa-fri-S1508","species":{"term_id":"NCBITaxon:9606","term_label":"Homo sapiens"},"sex":{"term_id":"PATO:0020002","term_label":"female genotypic sex"},"external_identifiers":[{"database":"Pubmed","identifier":"16620391"}],"updated":{"$date":"2017-03-26T18:59:08.047Z"}}
{"_id":{"$oid":"58d80f80c6c5571aff9584b9"},"id":"PGX_IND_BrCa-fri-S1511","species":{"term_id":"NCBITaxon:9606","term_label":"Homo sapiens"},"sex":{"term_id":"PATO:0020002","term_label":"female genotypic sex"},"external_identifiers":[{"database":"Pubmed","identifier":"16620391"}],"updated":{"$date":"2017-03-26T18:59:08.048Z"}}
{"_id":{"$oid":"58d80f80c6c5571aff9584ba"},"id":"PGX_IND_BrCa-fri-S1515","species":{"term_id":"NCBITaxon:9606","term_label":"Homo sapiens"},"sex":{"term_id":"PATO:0020002","term_label":"female genotypic sex"},"external_identifiers":[{"database":"Pubmed","identifier":"16620391"}],"updated":{"$date":"2017-03-26T18:59:08.048Z"}}
{"_id":{"$oid":"58d80f80c6c5571aff9584bb"},"id":"PGX_IND_BrCa-fri-S1519","species":{"term_id":"NCBITaxon:9606","term_label":"Homo sapiens"},"sex":{"term_id":"PATO:0020002","term_label":"female genotypic sex"},"external_identifiers":[{"database":"Pubmed","identifier":"16620391"}],"updated":{"$date":"2017-03-26T18:59:08.048Z"}}
{"_id":{"$oid":"58d80f80c6c5571aff9584bc"},"id":"PGX_IND_BrCa-fri-S1522","species":{"term_id":"NCBITaxon:9606","term_label":"Homo sapiens"},"sex":{"term_id":"PATO:0020002","term_label":"female genotypic sex"},"external_identifiers":[{"database":"Pubmed","identifier":"16620391"}],"updated":{"$date":"2017-03-26T18:59:08.048Z"}}
{"_id":{"$oid":"58d80f80c6c5571aff9584bd"},"id":"PGX_IND_BrCa-fri-S1523","species":{"term_id":"NCBITaxon:9606","term_label":"Homo sapiens"},"sex":{"term_id":"PATO:0020002","term_label":"female genotypic sex"},"external_identifiers":[{"database":"Pubmed","identifier":"16620391"}],"updated":{"$date":"2017-03-26T18:59:08.049Z"}}
{"_id":{"$oid":"58d80f80c6c5571aff9584be"},"id":"PGX_IND_BrCa-fri-S1524","species":{"term_id":"NCBITaxon:9606","term_label":"Homo sapiens"},"sex":{"term_id":"PATO:0020002","term_label":"female genotypic sex"},"external_identifiers":[{"database":"Pubmed","identifier":"16620391"}],"updated":{"$date":"2017-03-26T18:59:08.049Z"}}
{"_id":{"$oid":"58d80f80c6c5571aff9584bf"},"id":"PGX_IND_BrCa-fri-S1526","species":{"term_id":"NCBITaxon:9606","term_label":"Homo sapiens"},"sex":{"term_id":"PATO:0020002","term_label":"female genotypic sex"},"external_identifiers":[{"database":"Pubmed","identifier":"16620391"}],"updated":{"$date":"2017-03-26T18:59:08.049Z"}}
{"_id":{"$oid":"58d80f80c6c5571aff9584c0"},"id":"PGX_IND_BrCa-fri-S1534","species":{"term_id":"NCBITaxon:9606","term_label":"Homo sapiens"},"sex":{"term_id":"PATO:0020002","term_label":"female genotypic sex"},"external_identifiers":[{"database":"Pubmed","identifier":"16620391"}],"updated":{"$date":"2017-03-26T18:59:08.050Z"}}
{"_id":{"$oid":"58d80f80c6c5571aff9584c1"},"id":"PGX_IND_BrCa-fri-S1536","species":{"term_id":"NCBITaxon:9606","term_label":"Homo sapiens"},"sex":{"term_id":"PATO:0020002","term_label":"female genotypic sex"},"external_identifiers":[{"database":"Pubmed","identifier":"16620391"}],"updated":{"$date":"2017-03-26T18:59:08.050Z"}}
{"_id":{"$oid":"58d80f80c6c5571aff9584c2"},"id":"PGX_IND_BrCa-fri-S1539","species":{"term_id":"NCBITaxon:9606","term_label":"Homo sapiens"},"sex":{"term_id":"PATO:0020002","term_label":"female genotypic sex"},"external_identifiers":[{"database":"Pubmed","identifier":"16620391"}],"updated":{"$date":"2017-03-26T18:59:08.050Z"}}
{"_id":{"$oid":"58d80f80c6c5571aff9584c3"},"id":"PGX_IND_BrCa-fri-S1541","species":{"term_id":"NCBITaxon:9606","term_label":"Homo sapiens"},"sex":{"term_id":"PATO:0020002","term_label":"female genotypic sex"},"external_identifiers":[{"database":"Pubmed","identifier":"16620391"}],"updated":{"$date":"2017-03-26T18:59:08.050Z"}}
{"_id":{"$oid":"58d80f80c6c5571aff9584c4"},"id":"PGX_IND_BrCa-fri-S1542","species":{"term_id":"NCBITaxon:9606","term_label":"Homo sapiens"},"sex":{"term_id":"PATO:0020002","term_label":"female genotypic sex"},"external_identifiers":[{"database":"Pubmed","identifier":"16620391"}],"updated":{"$date":"2017-03-26T18:59:08.051Z"}}
{"_id":{"$oid":"58d80f80c6c5571aff9584c5"},"id":"PGX_IND_BrCa-fri-S1545","species":{"term_id":"NCBITaxon:9606","term_label":"Homo sapiens"},"sex":{"term_id":"PATO:0020002","term_label":"female genotypic sex"},"external_identifiers":[{"database":"Pubmed","identifier":"16620391"}],"updated":{"$date":"2017-03-26T18:59:08.051Z"}}
{"_id":{"$oid":"58d80f80c6c5571aff9584c6"},"id":"PGX_IND_BrCa-fri-S1551","species":{"term_id":"NCBITaxon:9606","term_label":"Homo sapiens"},"sex":{"term_id":"PATO:0020002","term_label":"female genotypic sex"},"external_identifiers":[{"database":"Pubmed","identifier":"16620391"}],"updated":{"$date":"2017-03-26T18:59:08.051Z"}}
{"_id":{"$oid":"58d80f80c6c5571aff9584c7"},"id":"PGX_IND_BrCa-fri-S1575","species":{"term_id":"NCBITaxon:9606","term_label":"Homo sapiens"},"sex":{"term_id":"PATO:0020002","term_label":"female genotypic sex"},"external_identifiers":[{"database":"Pubmed","identifier":"16620391"}],"updated":{"$date":"2017-03-26T18:59:08.052Z"}}
{"_id":{"$oid":"58d80f80c6c5571aff9584c8"},"id":"PGX_IND_BrCa-fri-S1579","species":{"term_id":"NCBITaxon:9606","term_label":"Homo sapiens"},"sex":{"term_id":"PATO:0020002","term_label":"female genotypic sex"},"external_identifiers":[{"database":"Pubmed","identifier":"16620391"}],"updated":{"$date":"2017-03-26T18:59:08.052Z"}}
{"_id":{"$oid":"58d80f80c6c5571aff9584c9"},"id":"PGX_IND_BrCa-fri-S1598","species":{"term_id":"NCBITaxon:9606","term_label":"Homo sapiens"},"sex":{"term_id":"PATO:0020002","term_label":"female genotypic sex"},"external_identifiers":[{"database":"Pubmed","identifier":"16620391"}],"updated":{"$date":"2017-03-26T18:59:08.052Z"}}
{"_id":{"$oid":"58d80f80c6c5571aff9584ca"},"id":"PGX_IND_BrCa-fri-S1608","species":{"term_id":"NCBITaxon:9606","term_label":"Homo sapiens"},"sex":{"term_id":"PATO:0020002","term_label":"female genotypic sex"},"external_identifiers":[{"database":"Pubmed","identifier":"16620391"}],"updated":{"$date":"2017-03-26T18:59:08.052Z"}}
{"_id":{"$oid":"58d80f80c6c5571aff9584cb"},"id":"PGX_IND_BrCa-fri-S1616","species":{"term_id":"NCBITaxon:9606","term_label":"Homo sapiens"},"sex":{"term_id":"PATO:0020002","term_label":"female genotypic sex"},"external_identifiers":[{"database":"Pubmed","identifier":"16620391"}],"updated":{"$date":"2017-03-26T18:59:08.053Z"}}
{"_id":{"$oid":"58d80f80c6c5571aff9584cc"},"id":"PGX_IND_GSM213840","species":{"term_id":"NCBITaxon:9606","term_label":"Homo sapiens"},"sex":{"term_id":"PATO:0020000","term_label":"genotypic sex"},"external_identifiers":[{"database":"Pubmed","identifier":"19255330"},{"database":"GEO","identifier":"GSM213840"},{"database":"GEO","identifier":"GSE8634"}],"updated":{"$date":"2017-03-26T18:59:08.053Z"}}
{"_id":{"$oid":"58d80f80c6c5571aff9584cd"},"id":"PGX_IND_GSM213846","species":{"term_id":"NCBITaxon:9606","term_label":"Homo sapiens"},"sex":{"term_id":"PATO:0020000","term_label":"genotypic sex"},"external_identifiers":[{"database":"Pubmed","identifier":"19255330"},{"database":"GEO","identifier":"GSM213846"},{"database":"GEO","identifier":"GSE8634"}],"updated":{"$date":"2017-03-26T18:59:08.054Z"}}
{"_id":{"$oid":"58d80f80c6c5571aff9584ce"},"id":"PGX_IND_GSM213848","species":{"term_id":"NCBITaxon:9606","term_label":"Homo sapiens"},"sex":{"term_id":"PATO:0020001","term_label":"male genotypic sex"},"external_identifiers":[{"database":"Pubmed","identifier":"19255330"},{"database":"GEO","identifier":"GSM213848"},{"database":"GEO","identifier":"GSE8634"}],"updated":{"$date":"2017-03-26T18:59:08.055Z"}}
{"_id":{"$oid":"58d80f80c6c5571aff9584cf"},"id":"PGX_IND_GSM213853","species":{"term_id":"NCBITaxon:9606","term_label":"Homo sapiens"},"sex":{"term_id":"PATO:0020000","term_label":"genotypic sex"},"external_identifiers":[{"database":"Pubmed","identifier":"19255330"},{"database":"GEO","identifier":"GSM213853"},{"database":"GEO","identifier":"GSE8634"}],"updated":{"$date":"2017-03-26T18:59:08.055Z"}}
{"_id":{"$oid":"58d80f80c6c5571aff9584d0"},"id":"PGX_IND_GSM213854","species":{"term_id":"NCBITaxon:9606","term_label":"Homo sapiens"},"sex":{"term_id":"PATO:0020000","term_label":"genotypic sex"},"external_identifiers":[{"database":"Pubmed","identifier":"19255330"},{"database":"GEO","identifier":"GSM213854"},{"database":"GEO","identifier":"GSE8634"}],"updated":{"$date":"2017-03-26T18:59:08.056Z"}}
{"_id":{"$oid":"58d80f80c6c5571aff9584d1"},"id":"PGX_IND_GSM213856","species":{"term_id":"NCBITaxon:9606","term_label":"Homo sapiens"},"sex":{"term_id":"PATO:0020000","term_label":"genotypic sex"},"external_identifiers":[{"database":"Pubmed","identifier":"19255330"},{"database":"GEO","identifier":"GSM213856"},{"database":"GEO","identifier":"GSE8634"}],"updated":{"$date":"2017-03-26T18:59:08.057Z"}}
{"_id":{"$oid":"58d80f80c6c5571aff9584d2"},"id":"PGX_IND_GSM213858","species":{"term_id":"NCBITaxon:9606","term_label":"Homo sapiens"},"sex":{"term_id":"PATO:0020000","term_label":"genotypic sex"},"external_identifiers":[{"database":"Pubmed","identifier":"19255330"},{"database":"GEO","identifier":"GSM213858"},{"database":"GEO","identifier":"GSE8634"}],"updated":{"$date":"2017-03-26T18:59:08.057Z"}}
{"_id":{"$oid":"58d80f80c6c5571aff9584d3"},"id":"PGX_IND_GSM213862","species":{"term_id":"NCBITaxon:9606","term_label":"Homo sapiens"},"sex":{"term_id":"PATO:0020000","term_label":"genotypic sex"},"external_identifiers":[{"database":"Pubmed","identifier":"19255330"},{"database":"GEO","identifier":"GSM213862"},{"database":"GEO","identifier":"GSE8634"}],"updated":{"$date":"2017-03-26T18:59:08.058Z"}}
{"_id":{"$oid":"58d80f80c6c5571aff9584d4"},"id":"PGX_IND_GSM213863","species":{"term_id":"NCBITaxon:9606","term_label":"Homo sapiens"},"sex":{"term_id":"PATO:0020000","term_label":"genotypic sex"},"external_identifiers":[{"database":"Pubmed","identifier":"19255330"},{"database":"GEO","identifier":"GSM213863"},{"database":"GEO","identifier":"GSE8634"}],"updated":{"$date":"2017-03-26T18:59:08.058Z"}}
{"_id":{"$oid":"58d80f80c6c5571aff9584d5"},"id":"PGX_IND_GSM213870","species":{"term_id":"NCBITaxon:9606","term_label":"Homo sapiens"},"sex":{"term_id":"PATO:0020000","term_label":"genotypic sex"},"external_identifiers":[{"database":"Pubmed","identifier":"19255330"},{"database":"GEO","identifier":"GSM213870"},{"database":"GEO","identifier":"GSE8634"}],"updated":{"$date":"2017-03-26T18:59:08.059Z"}}
{"_id":{"$oid":"58d80f80c6c5571aff9584d6"},"id":"PGX_IND_GSM213871","species":{"term_id":"NCBITaxon:9606","term_label":"Homo sapiens"},"sex":{"term_id":"PATO:0020000","term_label":"genotypic sex"},"external_identifiers":[{"database":"Pubmed","identifier":"19255330"},{"database":"GEO","identifier":"GSM213871"},{"database":"GEO","identifier":"GSE8634"}],"updated":{"$date":"2017-03-26T18:59:08.060Z"}}
{"_id":{"$oid":"58d80f80c6c5571aff9584d7"},"id":"PGX_IND_GSM213873","species":{"term_id":"NCBITaxon:9606","term_label":"Homo sapiens"},"sex":{"term_id":"PATO:0020000","term_label":"genotypic sex"},"external_identifiers":[{"database":"Pubmed","identifier":"19255330"},{"database":"GEO","identifier":"GSM213873"},{"database":"GEO","identifier":"GSE8634"}],"updated":{"$date":"2017-03-26T18:59:08.060Z"}}
{"_id":{"$oid":"58d80f80c6c5571aff9584d8"},"id":"PGX_IND_GSM213875","species":{"term_id":"NCBITaxon:9606","term_label":"Homo sapiens"},"sex":{"term_id":"PATO:0020000","term_label":"genotypic sex"},"external_identifiers":[{"database":"Pubmed","identifier":"19255330"},{"database":"GEO","identifier":"GSM213875"},{"database":"GEO","identifier":"GSE8634"}],"updated":{"$date":"2017-03-26T18:59:08.061Z"}}
{"_id":{"$oid":"58d80f80c6c5571aff9584d9"},"id":"PGX_IND_GSM213876","species":{"term_id":"NCBITaxon:9606","term_label":"Homo sapiens"},"sex":{"term_id":"PATO:0020000","term_label":"genotypic sex"},"external_identifiers":[{"database":"Pubmed","identifier":"19255330"},{"database":"GEO","identifier":"GSM213876"},{"database":"GEO","identifier":"GSE8634"}],"updated":{"$date":"2017-03-26T18:59:08.062Z"}}
{"_id":{"$oid":"58d80f80c6c5571aff9584da"},"id":"PGX_IND_GSM213881","species":{"term_id":"NCBITaxon:9606","term_label":"Homo sapiens"},"sex":{"term_id":"PATO:0020000","term_label":"genotypic sex"},"external_identifiers":[{"database":"Pubmed","identifier":"19255330"},{"database":"GEO","identifier":"GSM213881"},{"database":"GEO","identifier":"GSE8634"}],"updated":{"$date":"2017-03-26T18:59:08.062Z"}}
{"_id":{"$oid":"58d80f80c6c5571aff9584db"},"id":"PGX_IND_GSM213889","species":{"term_id":"NCBITaxon:9606","term_label":"Homo sapiens"},"sex":{"term_id":"PATO:0020000","term_label":"genotypic sex"},"external_identifiers":[{"database":"Pubmed","identifier":"19255330"},{"database":"GEO","identifier":"GSM213889"},{"database":"GEO","identifier":"GSE8634"}],"updated":{"$date":"2017-03-26T18:59:08.063Z"}}
{"_id":{"$oid":"58d80f80c6c5571aff9584dc"},"id":"PGX_IND_GSM213891","species":{"term_id":"NCBITaxon:9606","term_label":"Homo sapiens"},"sex":{"term_id":"PATO:0020000","term_label":"genotypic sex"},"external_identifiers":[{"database":"Pubmed","identifier":"19255330"},{"database":"GEO","identifier":"GSM213891"},{"database":"GEO","identifier":"GSE8634"}],"updated":{"$date":"2017-03-26T18:59:08.063Z"}}
{"_id":{"$oid":"58d80f80c6c5571aff9584dd"},"id":"PGX_IND_GSM213892","species":{"term_id":"NCBITaxon:9606","term_label":"Homo sapiens"},"sex":{"term_id":"PATO:0020000","term_label":"genotypic sex"},"external_identifiers":[{"database":"Pubmed","identifier":"19255330"},{"database":"GEO","identifier":"GSM213892"},{"database":"GEO","identifier":"GSE8634"}],"updated":{"$date":"2017-03-26T18:59:08.064Z"}}
{"_id":{"$oid":"58d80f80c6c5571aff9584de"},"id":"PGX_IND_GSM213895","species":{"term_id":"NCBITaxon:9606","term_label":"Homo sapiens"},"sex":{"term_id":"PATO:0020000","term_label":"genotypic sex"},"external_identifiers":[{"database":"Pubmed","identifier":"19255330"},{"database":"GEO","identifier":"GSM213895"},{"database":"GEO","identifier":"GSE8634"}],"updated":{"$date":"2017-03-26T18:59:08.064Z"}}
{"_id":{"$oid":"58d80f80c6c5571aff9584df"},"id":"PGX_IND_GSM213897","species":{"term_id":"NCBITaxon:9606","term_label":"Homo sapiens"},"sex":{"term_id":"PATO:0020001","term_label":"male genotypic sex"},"external_identifiers":[{"database":"Pubmed","identifier":"19255330"},{"database":"GEO","identifier":"GSM213897"},{"database":"GEO","identifier":"GSE8634"}],"updated":{"$date":"2017-03-26T18:59:08.065Z"}}
{"_id":{"$oid":"58d80f80c6c5571aff9584e0"},"id":"PGX_IND_GSM213900","species":{"term_id":"NCBITaxon:9606","term_label":"Homo sapiens"},"sex":{"term_id":"PATO:0020000","term_label":"genotypic sex"},"external_identifiers":[{"database":"Pubmed","identifier":"19255330"},{"database":"GEO","identifier":"GSM213900"},{"database":"GEO","identifier":"GSE8634"}],"updated":{"$date":"2017-03-26T18:59:08.065Z"}}
{"_id":{"$oid":"58d80f80c6c5571aff9584e1"},"id":"PGX_IND_GSM213901","species":{"term_id":"NCBITaxon:9606","term_label":"Homo sapiens"},"sex":{"term_id":"PATO:0020000","term_label":"genotypic sex"},"external_identifiers":[{"database":"Pubmed","identifier":"19255330"},{"database":"GEO","identifier":"GSM213901"},{"database":"GEO","identifier":"GSE8634"}],"updated":{"$date":"2017-03-26T18:59:08.066Z"}}
{"_id":{"$oid":"58d80f80c6c5571aff9584e2"},"id":"PGX_IND_GSM213902","species":{"term_id":"NCBITaxon:9606","term_label":"Homo sapiens"},"sex":{"term_id":"PATO:0020000","term_label":"genotypic sex"},"external_identifiers":[{"database":"Pubmed","identifier":"19255330"},{"database":"GEO","identifier":"GSM213902"},{"database":"GEO","identifier":"GSE8634"}],"updated":{"$date":"2017-03-26T18:59:08.067Z"}}
{"_id":{"$oid":"58d80f80c6c5571aff9584e3"},"id":"PGX_IND_GSM213904","species":{"term_id":"NCBITaxon:9606","term_label":"Homo sapiens"},"sex":{"term_id":"PATO:0020000","term_label":"genotypic sex"},"external_identifiers":[{"database":"Pubmed","identifier":"19255330"},{"database":"GEO","identifier":"GSM213904"},{"database":"GEO","identifier":"GSE8634"}],"updated":{"$date":"2017-03-26T18:59:08.067Z"}}
{"_id":{"$oid":"58d80f80c6c5571aff9584e4"},"id":"PGX_IND_GSM213905","species":{"term_id":"NCBITaxon:9606","term_label":"Homo sapiens"},"sex":{"term_id":"PATO:0020001","term_label":"male genotypic sex"},"external_identifiers":[{"database":"Pubmed","identifier":"19255330"},{"database":"GEO","identifier":"GSM213905"},{"database":"GEO","identifier":"GSE8634"}],"updated":{"$date":"2017-03-26T18:59:08.067Z"}}
{"_id":{"$oid":"58d80f80c6c5571aff9584e5"},"id":"PGX_IND_GSM213909","species":{"term_id":"NCBITaxon:9606","term_label":"Homo sapiens"},"sex":{"term_id":"PATO:0020000","term_label":"genotypic sex"},"external_identifiers":[{"database":"Pubmed","identifier":"19255330"},{"database":"GEO","identifier":"GSM213909"},{"database":"GEO","identifier":"GSE8634"}],"updated":{"$date":"2017-03-26T18:59:08.068Z"}}
