[{"id": "PGX_AM_CS_ChemSR-kim-R1", "biosample_id": "PGX_AM_BS_ChemSR-kim-R1", "variant_set_id": "AM_VS_GRCH36"}, {"id": "PGX_AM_CS_ChemSR-kim-R10", "biosample_id": "PGX_AM_BS_ChemSR-kim-R10", "variant_set_id": "AM_VS_GRCH36"}, {"id": "PGX_AM_CS_ChemSR-kim-R2", "biosample_id": "PGX_AM_BS_ChemSR-kim-R2", "variant_set_id": "AM_VS_GRCH36"}, {"id": "PGX_AM_CS_ChemSR-kim-R3", "biosample_id": "PGX_AM_BS_ChemSR-kim-R3", "variant_set_id": "AM_VS_GRCH36"}, {"id": "PGX_AM_CS_ChemSR-kim-R4", "biosample_id": "PGX_AM_BS_ChemSR-kim-R4", "variant_set_id": "AM_VS_GRCH36"}, {"id": "PGX_AM_CS_ChemSR-kim-R5", "biosample_id": "PGX_AM_BS_ChemSR-kim-R5", "variant_set_id": "AM_VS_GRCH36"}, {"id": "PGX_AM_CS_ChemSR-kim-R6", "biosample_id": "PGX_AM_BS_ChemSR-kim-R6", "variant_set_id": "AM_VS_GRCH36"}, {"id": "PGX_AM_CS_ChemSR-kim-R7", "biosample_id": "PGX_AM_BS_ChemSR-kim-R7", "variant_set_id": "AM_VS_GRCH36"}, {"id": "PGX_AM_CS_ChemSR-kim-R8", "biosample_id": "PGX_AM_BS_ChemSR-kim-R8", "variant_set_id": "AM_VS_GRCH36"}, {"id": "PGX_AM_CS_ChemSR-kim-R9", "biosample_id": "PGX_AM_BS_ChemSR-kim-R9", "variant_set_id": "AM_VS_GRCH36"}, {"id": "PGX_AM_CS_ChemSR-kim-S1", "biosample_id": "PGX_AM_BS_ChemSR-kim-S1", "variant_set_id": "AM_VS_GRCH36"}, {"id": "PGX_AM_CS_ChemSR-kim-S2", "biosample_id": "PGX_AM_BS_ChemSR-kim-S2", "variant_set_id": "AM_VS_GRCH36"}, {"id": "PGX_AM_CS_ChemSR-kim-S3", "biosample_id": "PGX_AM_BS_ChemSR-kim-S3", "variant_set_id": "AM_VS_GRCH36"}, {"id": "PGX_AM_CS_ChemSR-kim-S4", "biosample_id": "PGX_AM_BS_ChemSR-kim-S4", "variant_set_id": "AM_VS_GRCH36"}, {"id": "PGX_AM_CS_ChemSR-kim-S5", "biosample_id": "PGX_AM_BS_ChemSR-kim-S5", "variant_set_id": "AM_VS_GRCH36"}, {"id": "PGX_AM_CS_ChemSR-kim-S6", "biosample_id": "PGX_AM_BS_ChemSR-kim-S6", "variant_set_id": "AM_VS_GRCH36"}, {"id": "PGX_AM_CS_ChemSR-kim-S7", "biosample_id": "PGX_AM_BS_ChemSR-kim-S7", "variant_set_id": "AM_VS_GRCH36"}, {"id": "PGX_AM_CS_BrCa-fri-S0001", "biosample_id": "PGX_AM_BS_BrCa-fri-S0001", "variant_set_id": "AM_VS_GRCH36"}, {"id": "PGX_AM_CS_BrCa-fri-S0013", "biosample_id": "PGX_AM_BS_BrCa-fri-S0013", "variant_set_id": "AM_VS_GRCH36"}, {"id": "PGX_AM_CS_BrCa-fri-S0021", "biosample_id": "PGX_AM_BS_BrCa-fri-S0021", "variant_set_id": "AM_VS_GRCH36"}, {"id": "PGX_AM_CS_BrCa-fri-S0033", "biosample_id": "PGX_AM_BS_BrCa-fri-S0033", "variant_set_id": "AM_VS_GRCH36"}, {"id": "PGX_AM_CS_BrCa-fri-S0041", "biosample_id": "PGX_AM_BS_BrCa-fri-S0041", "variant_set_id": "AM_VS_GRCH36"}, {"id": "PGX_AM_CS_BrCa-fri-S0050", "biosample_id": "PGX_AM_BS_BrCa-fri-S0050", "variant_set_id": "AM_VS_GRCH36"}, {"id": "PGX_AM_CS_BrCa-fri-S0051", "biosample_id": "PGX_AM_BS_BrCa-fri-S0051", "variant_set_id": "AM_VS_GRCH36"}, {"id": "PGX_AM_CS_BrCa-fri-S0052", "biosample_id": "PGX_AM_BS_BrCa-fri-S0052", "variant_set_id": "AM_VS_GRCH36"}, {"id": "PGX_AM_CS_BrCa-fri-S0055", "biosample_id": "PGX_AM_BS_BrCa-fri-S0055", "variant_set_id": "AM_VS_GRCH36"}, {"id": "PGX_AM_CS_BrCa-fri-S0059", "biosample_id": "PGX_AM_BS_BrCa-fri-S0059", "variant_set_id": "AM_VS_GRCH36"}, {"id": "PGX_AM_CS_BrCa-fri-S0066", "biosample_id": "PGX_AM_BS_BrCa-fri-S0066", "variant_set_id": "AM_VS_GRCH36"}, {"id": "PGX_AM_CS_BrCa-fri-S0077", "biosample_id": "PGX_AM_BS_BrCa-fri-S0077", "variant_set_id": "AM_VS_GRCH36"}, {"id": "PGX_AM_CS_BrCa-fri-S0081", "biosample_id": "PGX_AM_BS_BrCa-fri-S0081", "variant_set_id": "AM_VS_GRCH36"}, {"id": "PGX_AM_CS_BrCa-fri-S0104", "biosample_id": "PGX_AM_BS_BrCa-fri-S0104", "variant_set_id": "AM_VS_GRCH36"}, {"id": "PGX_AM_CS_BrCa-fri-S0117", "biosample_id": "PGX_AM_BS_BrCa-fri-S0117", "variant_set_id": "AM_VS_GRCH36"}, {"id": "PGX_AM_CS_BrCa-fri-S0126", "biosample_id": "PGX_AM_BS_BrCa-fri-S0126", "variant_set_id": "AM_VS_GRCH36"}, {"id": "PGX_AM_CS_BrCa-fri-S0127", "biosample_id": "PGX_AM_BS_BrCa-fri-S0127", "variant_set_id": "AM_VS_GRCH36"}, {"id": "PGX_AM_CS_BrCa-fri-S0132", "biosample_id": "PGX_AM_BS_BrCa-fri-S0132", "variant_set_id": "AM_VS_GRCH36"}, {"id": "PGX_AM_CS_BrCa-fri-S0195", "biosample_id": "PGX_AM_BS_BrCa-fri-S0195", "variant_set_id": "AM_VS_GRCH36"}, {"id": "PGX_AM_CS_BrCa-fri-S0257", "biosample_id": "PGX_AM_BS_BrCa-fri-S0257", "variant_set_id": "AM_VS_GRCH36"}, {"id": "PGX_AM_CS_BrCa-fri-S0303", "biosample_id": "PGX_AM_BS_BrCa-fri-S0303", "variant_set_id": "AM_VS_GRCH36"}, {"id": "PGX_AM_CS_BrCa-fri-S1503", "biosample_id": "PGX_AM_BS_BrCa-fri-S1503", "variant_set_id": "AM_VS_GRCH36"}, {"id": "PGX_AM_CS_BrCa-fri-S1504", "biosample_id": "PGX_AM_BS_BrCa-fri-S1504", "variant_set_id": "AM_VS_GRCH36"}, {"id": "PGX_AM_CS_BrCa-fri-S1506", "biosample_id": "PGX_AM_BS_BrCa-fri-S1506", "variant_set_id": "AM_VS_GRCH36"}, {"id": "PGX_AM_CS_BrCa-fri-S1508", "biosample_id": "PGX_AM_BS_BrCa-fri-S1508", "variant_set_id": "AM_VS_GRCH36"}, {"id": "PGX_AM_CS_BrCa-fri-S1511", "biosample_id": "PGX_AM_BS_BrCa-fri-S1511", "variant_set_id": "AM_VS_GRCH36"}, {"id": "PGX_AM_CS_BrCa-fri-S1515", "biosample_id": "PGX_AM_BS_BrCa-fri-S1515", "variant_set_id": "AM_VS_GRCH36"}, {"id": "PGX_AM_CS_BrCa-fri-S1519", "biosample_id": "PGX_AM_BS_BrCa-fri-S1519", "variant_set_id": "AM_VS_GRCH36"}, {"id": "PGX_AM_CS_BrCa-fri-S1522", "biosample_id": "PGX_AM_BS_BrCa-fri-S1522", "variant_set_id": "AM_VS_GRCH36"}, {"id": "PGX_AM_CS_BrCa-fri-S1523", "biosample_id": "PGX_AM_BS_BrCa-fri-S1523", "variant_set_id": "AM_VS_GRCH36"}, {"id": "PGX_AM_CS_BrCa-fri-S1524", "biosample_id": "PGX_AM_BS_BrCa-fri-S1524", "variant_set_id": "AM_VS_GRCH36"}, {"id": "PGX_AM_CS_BrCa-fri-S1526", "biosample_id": "PGX_AM_BS_BrCa-fri-S1526", "variant_set_id": "AM_VS_GRCH36"}, {"id": "PGX_AM_CS_BrCa-fri-S1534", "biosample_id": "PGX_AM_BS_BrCa-fri-S1534", "variant_set_id": "AM_VS_GRCH36"}, {"id": "PGX_AM_CS_BrCa-fri-S1536", "biosample_id": "PGX_AM_BS_BrCa-fri-S1536", "variant_set_id": "AM_VS_GRCH36"}, {"id": "PGX_AM_CS_BrCa-fri-S1539", "biosample_id": "PGX_AM_BS_BrCa-fri-S1539", "variant_set_id": "AM_VS_GRCH36"}, {"id": "PGX_AM_CS_BrCa-fri-S1541", "biosample_id": "PGX_AM_BS_BrCa-fri-S1541", "variant_set_id": "AM_VS_GRCH36"}, {"id": "PGX_AM_CS_BrCa-fri-S1542", "biosample_id": "PGX_AM_BS_BrCa-fri-S1542", "variant_set_id": "AM_VS_GRCH36"}, {"id": "PGX_AM_CS_BrCa-fri-S1545", "biosample_id": "PGX_AM_BS_BrCa-fri-S1545", "variant_set_id": "AM_VS_GRCH36"}, {"id": "PGX_AM_CS_BrCa-fri-S1551", "biosample_id": "PGX_AM_BS_BrCa-fri-S1551", "variant_set_id": "AM_VS_GRCH36"}, {"id": "PGX_AM_CS_BrCa-fri-S1575", "biosample_id": "PGX_AM_BS_BrCa-fri-S1575", "variant_set_id": "AM_VS_GRCH36"}, {"id": "PGX_AM_CS_BrCa-fri-S1579", "biosample_id": "PGX_AM_BS_BrCa-fri-S1579", "variant_set_id": "AM_VS_GRCH36"}, {"id": "PGX_AM_CS_BrCa-fri-S1598", "biosample_id": "PGX_AM_BS_BrCa-fri-S1598", "variant_set_id": "AM_VS_GRCH36"}, {"id": "PGX_AM_CS_BrCa-fri-S1608", "biosample_id": "PGX_AM_BS_BrCa-fri-S1608", "variant_set_id": "AM_VS_GRCH36"}, {"id": "PGX_AM_CS_BrCa-fri-S1616", "biosample_id": "PGX_AM_BS_BrCa-fri-S1616", "variant_set_id": "AM_VS_GRCH36"}, {"id": "PGX_AM_CS_GSM288035", "biosample_id": "PGX_AM_BS_GSM288035", "variant_set_id": "AM_VS_GRCH36"}, {"id": "PGX_AM_CS_GSM288037", "biosample_id": "PGX_AM_BS_GSM288037", "variant_set_id": "AM_VS_GRCH36"}, {"id": "PGX_AM_CS_GSM288039", "biosample_id": "PGX_AM_BS_GSM288039", "variant_set_id": "AM_VS_GRCH36"}, {"id": "PGX_AM_CS_GSM288041", "biosample_id": "PGX_AM_BS_GSM288041", "variant_set_id": "AM_VS_GRCH36"}, {"id": "PGX_AM_CS_GSM288043", "biosample_id": "PGX_AM_BS_GSM288043", "variant_set_id": "AM_VS_GRCH36"}, {"id": "PGX_AM_CS_GSM288045", "biosample_id": "PGX_AM_BS_GSM288045", "variant_set_id": "AM_VS_GRCH36"}, {"id": "PGX_AM_CS_GSM288047", "biosample_id": "PGX_AM_BS_GSM288047", "variant_set_id": "AM_VS_GRCH36"}, {"id": "PGX_AM_CS_GSM288049", "biosample_id": "PGX_AM_BS_GSM288049", "variant_set_id": "AM_VS_GRCH36"}, {"id": "PGX_AM_CS_GSM288051", "biosample_id": "PGX_AM_BS_GSM288051", "variant_set_id": "AM_VS_GRCH36"}, {"id": "PGX_AM_CS_GSM288053", "biosample_id": "PGX_AM_BS_GSM288053", "variant_set_id": "AM_VS_GRCH36"}, {"id": "PGX_AM_CS_GSM288055", "biosample_id": "PGX_AM_BS_GSM288055", "variant_set_id": "AM_VS_GRCH36"}, {"id": "PGX_AM_CS_GSM288057", "biosample_id": "PGX_AM_BS_GSM288057", "variant_set_id": "AM_VS_GRCH36"}, {"id": "PGX_AM_CS_GSM288059", "biosample_id": "PGX_AM_BS_GSM288059", "variant_set_id": "AM_VS_GRCH36"}, {"id": "PGX_AM_CS_GSM288063", "biosample_id": "PGX_AM_BS_GSM288063", "variant_set_id": "AM_VS_GRCH36"}, {"id": "PGX_AM_CS_GSM288065", "biosample_id": "PGX_AM_BS_GSM288065", "variant_set_id": "AM_VS_GRCH36"}, {"id": "PGX_AM_CS_GSM288069", "biosample_id": "PGX_AM_BS_GSM288069", "variant_set_id": "AM_VS_GRCH36"}, {"id": "PGX_AM_CS_GSM288071", "biosample_id": "PGX_AM_BS_GSM288071", "variant_set_id": "AM_VS_GRCH36"}, {"id": "PGX_AM_CS_GSM288073", "biosample_id": "PGX_AM_BS_GSM288073", "variant_set_id": "AM_VS_GRCH36"}, {"id": "PGX_AM_CS_GSM288075", "biosample_id": "PGX_AM_BS_GSM288075", "variant_set_id": "AM_VS_GRCH36"}, {"id": "PGX_AM_CS_GSM288077", "biosample_id": "PGX_AM_BS_GSM288077", "variant_set_id": "AM_VS_GRCH36"}, {"id": "PGX_AM_CS_GSM288079", "biosample_id": "PGX_AM_BS_GSM288079", "variant_set_id": "AM_VS_GRCH36"}, {"id": "PGX_AM_CS_GSM288103", "biosample_id": "PGX_AM_BS_GSM288103", "variant_set_id": "AM_VS_GRCH36"}, {"id": "PGX_AM_CS_GSM288081", "biosample_id": "PGX_AM_BS_GSM288081", "variant_set_id": "AM_VS_GRCH36"}, {"id": "PGX_AM_CS_GSM288083", "biosample_id": "PGX_AM_BS_GSM288083", "variant_set_id": "AM_VS_GRCH36"}, {"id": "PGX_AM_CS_GSM288085", "biosample_id": "PGX_AM_BS_GSM288085", "variant_set_id": "AM_VS_GRCH36"}, {"id": "PGX_AM_CS_GSM288087", "biosample_id": "PGX_AM_BS_GSM288087", "variant_set_id": "AM_VS_GRCH36"}, {"id": "PGX_AM_CS_GSM288111", "biosample_id": "PGX_AM_BS_GSM288111", "variant_set_id": "AM_VS_GRCH36"}, {"id": "PGX_AM_CS_GSM288089", "biosample_id": "PGX_AM_BS_GSM288089", "variant_set_id": "AM_VS_GRCH36"}, {"id": "PGX_AM_CS_GSM288067", "biosample_id": "PGX_AM_BS_GSM288067", "variant_set_id": "AM_VS_GRCH36"}, {"id": "PGX_AM_CS_GSM288091", "biosample_id": "PGX_AM_BS_GSM288091", "variant_set_id": "AM_VS_GRCH36"}, {"id": "PGX_AM_CS_GSM288093", "biosample_id": "PGX_AM_BS_GSM288093", "variant_set_id": "AM_VS_GRCH36"}, {"id": "PGX_AM_CS_GSM288095", "biosample_id": "PGX_AM_BS_GSM288095", "variant_set_id": "AM_VS_GRCH36"}, {"id": "PGX_AM_CS_GSM288097", "biosample_id": "PGX_AM_BS_GSM288097", "variant_set_id": "AM_VS_GRCH36"}, {"id": "PGX_AM_CS_GSM288099", "biosample_id": "PGX_AM_BS_GSM288099", "variant_set_id": "AM_VS_GRCH36"}, {"id": "PGX_AM_CS_GSM288101", "biosample_id": "PGX_AM_BS_GSM288101", "variant_set_id": "AM_VS_GRCH36"}, {"id": "PGX_AM_CS_GSM288105", "biosample_id": "PGX_AM_BS_GSM288105", "variant_set_id": "AM_VS_GRCH36"}, {"id": "PGX_AM_CS_GSM288107", "biosample_id": "PGX_AM_BS_GSM288107", "variant_set_id": "AM_VS_GRCH36"}, {"id": "PGX_AM_CS_GSM288109", "biosample_id": "PGX_AM_BS_GSM288109", "variant_set_id": "AM_VS_GRCH36"}, {"id": "PGX_AM_CS_GSM288113", "biosample_id": "PGX_AM_BS_GSM288113", "variant_set_id": "AM_VS_GRCH36"}, {"id": "PGX_AM_CS_GSM288115", "biosample_id": "PGX_AM_BS_GSM288115", "variant_set_id": "AM_VS_GRCH36"}, {"id": "PGX_AM_CS_GSM288117", "biosample_id": "PGX_AM_BS_GSM288117", "variant_set_id": "AM_VS_GRCH36"}, {"id": "PGX_AM_CS_GSM288119", "biosample_id": "PGX_AM_BS_GSM288119", "variant_set_id": "AM_VS_GRCH36"}, {"id": "PGX_AM_CS_GSM288121", "biosample_id": "PGX_AM_BS_GSM288121", "variant_set_id": "AM_VS_GRCH36"}, {"id": "PGX_AM_CS_GSM288123", "biosample_id": "PGX_AM_BS_GSM288123", "variant_set_id": "AM_VS_GRCH36"}, {"id": "PGX_AM_CS_GSM288125", "biosample_id": "PGX_AM_BS_GSM288125", "variant_set_id": "AM_VS_GRCH36"}, {"id": "PGX_AM_CS_GSM288127", "biosample_id": "PGX_AM_BS_GSM288127", "variant_set_id": "AM_VS_GRCH36"}, {"id": "PGX_AM_CS_GSM288129", "biosample_id": "PGX_AM_BS_GSM288129", "variant_set_id": "AM_VS_GRCH36"}, {"id": "PGX_AM_CS_GSM288131", "biosample_id": "PGX_AM_BS_GSM288131", "variant_set_id": "AM_VS_GRCH36"}, {"id": "PGX_AM_CS_GSM288133", "biosample_id": "PGX_AM_BS_GSM288133", "variant_set_id": "AM_VS_GRCH36"}, {"id": "PGX_AM_CS_GSM288135", "biosample_id": "PGX_AM_BS_GSM288135", "variant_set_id": "AM_VS_GRCH36"}, {"id": "PGX_AM_CS_GSM288137", "biosample_id": "PGX_AM_BS_GSM288137", "variant_set_id": "AM_VS_GRCH36"}, {"id": "PGX_AM_CS_GSM288139", "biosample_id": "PGX_AM_BS_GSM288139", "variant_set_id": "AM_VS_GRCH36"}, {"id": "PGX_AM_CS_GSM288141", "biosample_id": "PGX_AM_BS_GSM288141", "variant_set_id": "AM_VS_GRCH36"}, {"id": "PGX_AM_CS_GSM288143", "biosample_id": "PGX_AM_BS_GSM288143", "variant_set_id": "AM_VS_GRCH36"}, {"id": "PGX_AM_CS_GSM288145", "biosample_id": "PGX_AM_BS_GSM288145", "variant_set_id": "AM_VS_GRCH36"}, {"id": "PGX_AM_CS_GSM288147", "biosample_id": "PGX_AM_BS_GSM288147", "variant_set_id": "AM_VS_GRCH36"}, {"id": "PGX_AM_CS_GSM288149", "biosample_id": "PGX_AM_BS_GSM288149", "variant_set_id": "AM_VS_GRCH36"}, {"id": "PGX_AM_CS_GSM288151", "biosample_id": "PGX_AM_BS_GSM288151", "variant_set_id": "AM_VS_GRCH36"}, {"id": "PGX_AM_CS_GSM288153", "biosample_id": "PGX_AM_BS_GSM288153", "variant_set_id": "AM_VS_GRCH36"}, {"id": "PGX_AM_CS_GSM288155", "biosample_id": "PGX_AM_BS_GSM288155", "variant_set_id": "AM_VS_GRCH36"}, {"id": "PGX_AM_CS_GSM288157", "biosample_id": "PGX_AM_BS_GSM288157", "variant_set_id": "AM_VS_GRCH36"}, {"id": "PGX_AM_CS_GSM288159", "biosample_id": "PGX_AM_BS_GSM288159", "variant_set_id": "AM_VS_GRCH36"}, {"id": "PGX_AM_CS_GSM288161", "biosample_id": "PGX_AM_BS_GSM288161", "variant_set_id": "AM_VS_GRCH36"}, {"id": "PGX_AM_CS_GSM288163", "biosample_id": "PGX_AM_BS_GSM288163", "variant_set_id": "AM_VS_GRCH36"}, {"id": "PGX_AM_CS_GSM288165", "biosample_id": "PGX_AM_BS_GSM288165", "variant_set_id": "AM_VS_GRCH36"}, {"id": "PGX_AM_CS_GSM288167", "biosample_id": "PGX_AM_BS_GSM288167", "variant_set_id": "AM_VS_GRCH36"}, {"id": "PGX_AM_CS_GSM288169", "biosample_id": "PGX_AM_BS_GSM288169", "variant_set_id": "AM_VS_GRCH36"}, {"id": "PGX_AM_CS_GSM288171", "biosample_id": "PGX_AM_BS_GSM288171", "variant_set_id": "AM_VS_GRCH36"}, {"id": "PGX_AM_CS_GSM288173", "biosample_id": "PGX_AM_BS_GSM288173", "variant_set_id": "AM_VS_GRCH36"}, {"id": "PGX_AM_CS_GSM288175", "biosample_id": "PGX_AM_BS_GSM288175", "variant_set_id": "AM_VS_GRCH36"}, {"id": "PGX_AM_CS_GSM288177", "biosample_id": "PGX_AM_BS_GSM288177", "variant_set_id": "AM_VS_GRCH36"}, {"id": "PGX_AM_CS_GSM288179", "biosample_id": "PGX_AM_BS_GSM288179", "variant_set_id": "AM_VS_GRCH36"}, {"id": "PGX_AM_CS_GSM288181", "biosample_id": "PGX_AM_BS_GSM288181", "variant_set_id": "AM_VS_GRCH36"}, {"id": "PGX_AM_CS_GSM288183", "biosample_id": "PGX_AM_BS_GSM288183", "variant_set_id": "AM_VS_GRCH36"}, {"id": "PGX_AM_CS_GSM288185", "biosample_id": "PGX_AM_BS_GSM288185", "variant_set_id": "AM_VS_GRCH36"}, {"id": "PGX_AM_CS_GSM288187", "biosample_id": "PGX_AM_BS_GSM288187", "variant_set_id": "AM_VS_GRCH36"}, {"id": "PGX_AM_CS_GSM288189", "biosample_id": "PGX_AM_BS_GSM288189", "variant_set_id": "AM_VS_GRCH36"}, {"id": "PGX_AM_CS_GSM288191", "biosample_id": "PGX_AM_BS_GSM288191", "variant_set_id": "AM_VS_GRCH36"}, {"id": "PGX_AM_CS_GSM288193", "biosample_id": "PGX_AM_BS_GSM288193", "variant_set_id": "AM_VS_GRCH36"}, {"id": "PGX_AM_CS_GSM288195", "biosample_id": "PGX_AM_BS_GSM288195", "variant_set_id": "AM_VS_GRCH36"}, {"id": "PGX_AM_CS_GSM288197", "biosample_id": "PGX_AM_BS_GSM288197", "variant_set_id": "AM_VS_GRCH36"}, {"id": "PGX_AM_CS_GSM288199", "biosample_id": "PGX_AM_BS_GSM288199", "variant_set_id": "AM_VS_GRCH36"}, {"id": "PGX_AM_CS_GSM288201", "biosample_id": "PGX_AM_BS_GSM288201", "variant_set_id": "AM_VS_GRCH36"}, {"id": "PGX_AM_CS_GSM288203", "biosample_id": "PGX_AM_BS_GSM288203", "variant_set_id": "AM_VS_GRCH36"}, {"id": "PGX_AM_CS_GSM288205", "biosample_id": "PGX_AM_BS_GSM288205", "variant_set_id": "AM_VS_GRCH36"}, {"id": "PGX_AM_CS_GSM288207", "biosample_id": "PGX_AM_BS_GSM288207", "variant_set_id": "AM_VS_GRCH36"}, {"id": "PGX_AM_CS_GSM288209", "biosample_id": "PGX_AM_BS_GSM288209", "variant_set_id": "AM_VS_GRCH36"}, {"id": "PGX_AM_CS_GSM288211", "biosample_id": "PGX_AM_BS_GSM288211", "variant_set_id": "AM_VS_GRCH36"}, {"id": "PGX_AM_CS_GSM288213", "biosample_id": "PGX_AM_BS_GSM288213", "variant_set_id": "AM_VS_GRCH36"}, {"id": "PGX_AM_CS_GSM288215", "biosample_id": "PGX_AM_BS_GSM288215", "variant_set_id": "AM_VS_GRCH36"}, {"id": "PGX_AM_CS_GSM288217", "biosample_id": "PGX_AM_BS_GSM288217", "variant_set_id": "AM_VS_GRCH36"}, {"id": "PGX_AM_CS_GSM288219", "biosample_id": "PGX_AM_BS_GSM288219", "variant_set_id": "AM_VS_GRCH36"}, {"id": "PGX_AM_CS_GSM288221", "biosample_id": "PGX_AM_BS_GSM288221", "variant_set_id": "AM_VS_GRCH36"}, {"id": "PGX_AM_CS_GSM217396", "biosample_id": "PGX_AM_BS_GSM217396", "variant_set_id": "AM_VS_GRCH36"}, {"id": "PGX_AM_CS_GSM217397", "biosample_id": "PGX_AM_BS_GSM217397", "variant_set_id": "AM_VS_GRCH36"}, {"id": "PGX_AM_CS_GSM217398", "biosample_id": "PGX_AM_BS_GSM217398", "variant_set_id": "AM_VS_GRCH36"}, {"id": "PGX_AM_CS_GSM217399", "biosample_id": "PGX_AM_BS_GSM217399", "variant_set_id": "AM_VS_GRCH36"}, {"id": "PGX_AM_CS_GSM217400", "biosample_id": "PGX_AM_BS_GSM217400", "variant_set_id": "AM_VS_GRCH36"}, {"id": "PGX_AM_CS_GSM217401", "biosample_id": "PGX_AM_BS_GSM217401", "variant_set_id": "AM_VS_GRCH36"}, {"id": "PGX_AM_CS_GSM217402", "biosample_id": "PGX_AM_BS_GSM217402", "variant_set_id": "AM_VS_GRCH36"}, {"id": "PGX_AM_CS_GSM217403", "biosample_id": "PGX_AM_BS_GSM217403", "variant_set_id": "AM_VS_GRCH36"}, {"id": "PGX_AM_CS_GSM217404", "biosample_id": "PGX_AM_BS_GSM217404", "variant_set_id": "AM_VS_GRCH36"}, {"id": "PGX_AM_CS_GSM217405", "biosample_id": "PGX_AM_BS_GSM217405", "variant_set_id": "AM_VS_GRCH36"}, {"id": "PGX_AM_CS_GSM217406", "biosample_id": "PGX_AM_BS_GSM217406", "variant_set_id": "AM_VS_GRCH36"}, {"id": "PGX_AM_CS_GSM217407", "biosample_id": "PGX_AM_BS_GSM217407", "variant_set_id": "AM_VS_GRCH36"}, {"id": "PGX_AM_CS_GSM217408", "biosample_id": "PGX_AM_BS_GSM217408", "variant_set_id": "AM_VS_GRCH36"}, {"id": "PGX_AM_CS_GSM217409", "biosample_id": "PGX_AM_BS_GSM217409", "variant_set_id": "AM_VS_GRCH36"}, {"id": "PGX_AM_CS_GSM217410", "biosample_id": "PGX_AM_BS_GSM217410", "variant_set_id": "AM_VS_GRCH36"}, {"id": "PGX_AM_CS_GSM217411", "biosample_id": "PGX_AM_BS_GSM217411", "variant_set_id": "AM_VS_GRCH36"}, {"id": "PGX_AM_CS_GSM217412", "biosample_id": "PGX_AM_BS_GSM217412", "variant_set_id": "AM_VS_GRCH36"}, {"id": "PGX_AM_CS_GSM217413", "biosample_id": "PGX_AM_BS_GSM217413", "variant_set_id": "AM_VS_GRCH36"}, {"id": "PGX_AM_CS_GSM217414", "biosample_id": "PGX_AM_BS_GSM217414", "variant_set_id": "AM_VS_GRCH36"}, {"id": "PGX_AM_CS_GSM217415", "biosample_id": "PGX_AM_BS_GSM217415", "variant_set_id": "AM_VS_GRCH36"}, {"id": "PGX_AM_CS_GSM217416", "biosample_id": "PGX_AM_BS_GSM217416", "variant_set_id": "AM_VS_GRCH36"}, {"id": "PGX_AM_CS_GSM217417", "biosample_id": "PGX_AM_BS_GSM217417", "variant_set_id": "AM_VS_GRCH36"}, {"id": "PGX_AM_CS_GSM217418", "biosample_id": "PGX_AM_BS_GSM217418", "variant_set_id": "AM_VS_GRCH36"}, {"id": "PGX_AM_CS_GSM217419", "biosample_id": "PGX_AM_BS_GSM217419", "variant_set_id": "AM_VS_GRCH36"}, {"id": "PGX_AM_CS_GSM217420", "biosample_id": "PGX_AM_BS_GSM217420", "variant_set_id": "AM_VS_GRCH36"}, {"id": "PGX_AM_CS_GSM217421", "biosample_id": "PGX_AM_BS_GSM217421", "variant_set_id": "AM_VS_GRCH36"}, {"id": "PGX_AM_CS_GSM217422", "biosample_id": "PGX_AM_BS_GSM217422", "variant_set_id": "AM_VS_GRCH36"}, {"id": "PGX_AM_CS_GSM217423", "biosample_id": "PGX_AM_BS_GSM217423", "variant_set_id": "AM_VS_GRCH36"}, {"id": "PGX_AM_CS_GSM217424", "biosample_id": "PGX_AM_BS_GSM217424", "variant_set_id": "AM_VS_GRCH36"}, {"id": "PGX_AM_CS_GSM217425", "biosample_id": "PGX_AM_BS_GSM217425", "variant_set_id": "AM_VS_GRCH36"}, {"id": "PGX_AM_CS_GSM217426", "biosample_id": "PGX_AM_BS_GSM217426", "variant_set_id": "AM_VS_GRCH36"}, {"id": "PGX_AM_CS_GSM217427", "biosample_id": "PGX_AM_BS_GSM217427", "variant_set_id": "AM_VS_GRCH36"}, {"id": "PGX_AM_CS_GSM217428", "biosample_id": "PGX_AM_BS_GSM217428", "variant_set_id": "AM_VS_GRCH36"}, {"id": "PGX_AM_CS_GSM217429", "biosample_id": "PGX_AM_BS_GSM217429", "variant_set_id": "AM_VS_GRCH36"}, {"id": "PGX_AM_CS_GSM217430", "biosample_id": "PGX_AM_BS_GSM217430", "variant_set_id": "AM_VS_GRCH36"}, {"id": "PGX_AM_CS_GSM217431", "biosample_id": "PGX_AM_BS_GSM217431", "variant_set_id": "AM_VS_GRCH36"}, {"id": "PGX_AM_CS_GSM217433", "biosample_id": "PGX_AM_BS_GSM217433", "variant_set_id": "AM_VS_GRCH36"}, {"id": "PGX_AM_CS_GSM217434", "biosample_id": "PGX_AM_BS_GSM217434", "variant_set_id": "AM_VS_GRCH36"}, {"id": "PGX_AM_CS_GSM217435", "biosample_id": "PGX_AM_BS_GSM217435", "variant_set_id": "AM_VS_GRCH36"}, {"id": "PGX_AM_CS_GSM217459", "biosample_id": "PGX_AM_BS_GSM217459", "variant_set_id": "AM_VS_GRCH36"}, {"id": "PGX_AM_CS_GSM217437", "biosample_id": "PGX_AM_BS_GSM217437", "variant_set_id": "AM_VS_GRCH36"}, {"id": "PGX_AM_CS_GSM217438", "biosample_id": "PGX_AM_BS_GSM217438", "variant_set_id": "AM_VS_GRCH36"}, {"id": "PGX_AM_CS_GSM217439", "biosample_id": "PGX_AM_BS_GSM217439", "variant_set_id": "AM_VS_GRCH36"}, {"id": "PGX_AM_CS_GSM217440", "biosample_id": "PGX_AM_BS_GSM217440", "variant_set_id": "AM_VS_GRCH36"}, {"id": "PGX_AM_CS_GSM217442", "biosample_id": "PGX_AM_BS_GSM217442", "variant_set_id": "AM_VS_GRCH36"}, {"id": "PGX_AM_CS_GSM217443", "biosample_id": "PGX_AM_BS_GSM217443", "variant_set_id": "AM_VS_GRCH36"}, {"id": "PGX_AM_CS_GSM217444", "biosample_id": "PGX_AM_BS_GSM217444", "variant_set_id": "AM_VS_GRCH36"}, {"id": "PGX_AM_CS_GSM217445", "biosample_id": "PGX_AM_BS_GSM217445", "variant_set_id": "AM_VS_GRCH36"}, {"id": "PGX_AM_CS_GSM217446", "biosample_id": "PGX_AM_BS_GSM217446", "variant_set_id": "AM_VS_GRCH36"}, {"id": "PGX_AM_CS_GSM217447", "biosample_id": "PGX_AM_BS_GSM217447", "variant_set_id": "AM_VS_GRCH36"}, {"id": "PGX_AM_CS_GSM217448", "biosample_id": "PGX_AM_BS_GSM217448", "variant_set_id": "AM_VS_GRCH36"}, {"id": "PGX_AM_CS_GSM217449", "biosample_id": "PGX_AM_BS_GSM217449", "variant_set_id": "AM_VS_GRCH36"}, {"id": "PGX_AM_CS_GSM217450", "biosample_id": "PGX_AM_BS_GSM217450", "variant_set_id": "AM_VS_GRCH36"}, {"id": "PGX_AM_CS_GSM217451", "biosample_id": "PGX_AM_BS_GSM217451", "variant_set_id": "AM_VS_GRCH36"}, {"id": "PGX_AM_CS_GSM217452", "biosample_id": "PGX_AM_BS_GSM217452", "variant_set_id": "AM_VS_GRCH36"}, {"id": "PGX_AM_CS_GSM217453", "biosample_id": "PGX_AM_BS_GSM217453", "variant_set_id": "AM_VS_GRCH36"}, {"id": "PGX_AM_CS_GSM217454", "biosample_id": "PGX_AM_BS_GSM217454", "variant_set_id": "AM_VS_GRCH36"}, {"id": "PGX_AM_CS_GSM217455", "biosample_id": "PGX_AM_BS_GSM217455", "variant_set_id": "AM_VS_GRCH36"}, {"id": "PGX_AM_CS_GSM217456", "biosample_id": "PGX_AM_BS_GSM217456", "variant_set_id": "AM_VS_GRCH36"}, {"id": "PGX_AM_CS_GSM217457", "biosample_id": "PGX_AM_BS_GSM217457", "variant_set_id": "AM_VS_GRCH36"}, {"id": "PGX_AM_CS_GSM217458", "biosample_id": "PGX_AM_BS_GSM217458", "variant_set_id": "AM_VS_GRCH36"}, {"id": "PGX_AM_CS_GSM217436", "biosample_id": "PGX_AM_BS_GSM217436", "variant_set_id": "AM_VS_GRCH36"}, {"id": "PGX_AM_CS_GSM217460", "biosample_id": "PGX_AM_BS_GSM217460", "variant_set_id": "AM_VS_GRCH36"}, {"id": "PGX_AM_CS_GSM217461", "biosample_id": "PGX_AM_BS_GSM217461", "variant_set_id": "AM_VS_GRCH36"}, {"id": "PGX_AM_CS_GSM217462", "biosample_id": "PGX_AM_BS_GSM217462", "variant_set_id": "AM_VS_GRCH36"}, {"id": "PGX_AM_CS_GSM217463", "biosample_id": "PGX_AM_BS_GSM217463", "variant_set_id": "AM_VS_GRCH36"}, {"id": "PGX_AM_CS_GSM217464", "biosample_id": "PGX_AM_BS_GSM217464", "variant_set_id": "AM_VS_GRCH36"}, {"id": "PGX_AM_CS_GSM217465", "biosample_id": "PGX_AM_BS_GSM217465", "variant_set_id": "AM_VS_GRCH36"}, {"id": "PGX_AM_CS_GSM217466", "biosample_id": "PGX_AM_BS_GSM217466", "variant_set_id": "AM_VS_GRCH36"}, {"id": "PGX_AM_CS_GSM217467", "biosample_id": "PGX_AM_BS_GSM217467", "variant_set_id": "AM_VS_GRCH36"}, {"id": "PGX_AM_CS_GSM217468", "biosample_id": "PGX_AM_BS_GSM217468", "variant_set_id": "AM_VS_GRCH36"}, {"id": "PGX_AM_CS_GSM217469", "biosample_id": "PGX_AM_BS_GSM217469", "variant_set_id": "AM_VS_GRCH36"}, {"id": "PGX_AM_CS_GSM217470", "biosample_id": "PGX_AM_BS_GSM217470", "variant_set_id": "AM_VS_GRCH36"}, {"id": "PGX_AM_CS_GSM217471", "biosample_id": "PGX_AM_BS_GSM217471", "variant_set_id": "AM_VS_GRCH36"}, {"id": "PGX_AM_CS_GSM217472", "biosample_id": "PGX_AM_BS_GSM217472", "variant_set_id": "AM_VS_GRCH36"}, {"id": "PGX_AM_CS_GSM217474", "biosample_id": "PGX_AM_BS_GSM217474", "variant_set_id": "AM_VS_GRCH36"}, {"id": "PGX_AM_CS_GSM217475", "biosample_id": "PGX_AM_BS_GSM217475", "variant_set_id": "AM_VS_GRCH36"}, {"id": "PGX_AM_CS_GSM217476", "biosample_id": "PGX_AM_BS_GSM217476", "variant_set_id": "AM_VS_GRCH36"}, {"id": "PGX_AM_CS_GSM217477", "biosample_id": "PGX_AM_BS_GSM217477", "variant_set_id": "AM_VS_GRCH36"}, {"id": "PGX_AM_CS_GSM217478", "biosample_id": "PGX_AM_BS_GSM217478", "variant_set_id": "AM_VS_GRCH36"}, {"id": "PGX_AM_CS_GSM217479", "biosample_id": "PGX_AM_BS_GSM217479", "variant_set_id": "AM_VS_GRCH36"}, {"id": "PGX_AM_CS_GSM217480", "biosample_id": "PGX_AM_BS_GSM217480", "variant_set_id": "AM_VS_GRCH36"}, {"id": "PGX_AM_CS_GSM217481", "biosample_id": "PGX_AM_BS_GSM217481", "variant_set_id": "AM_VS_GRCH36"}, {"id": "PGX_AM_CS_GSM217482", "biosample_id": "PGX_AM_BS_GSM217482", "variant_set_id": "AM_VS_GRCH36"}, {"id": "PGX_AM_CS_GSM217483", "biosample_id": "PGX_AM_BS_GSM217483", "variant_set_id": "AM_VS_GRCH36"}, {"id": "PGX_AM_CS_GSM217484", "biosample_id": "PGX_AM_BS_GSM217484", "variant_set_id": "AM_VS_GRCH36"}, {"id": "PGX_AM_CS_GSM217485", "biosample_id": "PGX_AM_BS_GSM217485", "variant_set_id": "AM_VS_GRCH36"}, {"id": "PGX_AM_CS_GSM217486", "biosample_id": "PGX_AM_BS_GSM217486", "variant_set_id": "AM_VS_GRCH36"}, {"id": "PGX_AM_CS_GSM217487", "biosample_id": "PGX_AM_BS_GSM217487", "variant_set_id": "AM_VS_GRCH36"}, {"id": "PGX_AM_CS_GSM217488", "biosample_id": "PGX_AM_BS_GSM217488", "variant_set_id": "AM_VS_GRCH36"}, {"id": "PGX_AM_CS_GSM217489", "biosample_id": "PGX_AM_BS_GSM217489", "variant_set_id": "AM_VS_GRCH36"}, {"id": "PGX_AM_CS_GSM217491", "biosample_id": "PGX_AM_BS_GSM217491", "variant_set_id": "AM_VS_GRCH36"}, {"id": "PGX_AM_CS_GSM217492", "biosample_id": "PGX_AM_BS_GSM217492", "variant_set_id": "AM_VS_GRCH36"}, {"id": "PGX_AM_CS_GSM217493", "biosample_id": "PGX_AM_BS_GSM217493", "variant_set_id": "AM_VS_GRCH36"}, {"id": "PGX_AM_CS_GSM217494", "biosample_id": "PGX_AM_BS_GSM217494", "variant_set_id": "AM_VS_GRCH36"}, {"id": "PGX_AM_CS_GSM217495", "biosample_id": "PGX_AM_BS_GSM217495", "variant_set_id": "AM_VS_GRCH36"}, {"id": "PGX_AM_CS_GSM217496", "biosample_id": "PGX_AM_BS_GSM217496", "variant_set_id": "AM_VS_GRCH36"}, {"id": "PGX_AM_CS_GSM217497", "biosample_id": "PGX_AM_BS_GSM217497", "variant_set_id": "AM_VS_GRCH36"}, {"id": "PGX_AM_CS_GSM217498", "biosample_id": "PGX_AM_BS_GSM217498", "variant_set_id": "AM_VS_GRCH36"}, {"id": "PGX_AM_CS_GSM217499", "biosample_id": "PGX_AM_BS_GSM217499", "variant_set_id": "AM_VS_GRCH36"}, {"id": "PGX_AM_CS_GSM217500", "biosample_id": "PGX_AM_BS_GSM217500", "variant_set_id": "AM_VS_GRCH36"}, {"id": "PGX_AM_CS_GSM217501", "biosample_id": "PGX_AM_BS_GSM217501", "variant_set_id": "AM_VS_GRCH36"}, {"id": "PGX_AM_CS_GSM217502", "biosample_id": "PGX_AM_BS_GSM217502", "variant_set_id": "AM_VS_GRCH36"}, {"id": "PGX_AM_CS_GSM217503", "biosample_id": "PGX_AM_BS_GSM217503", "variant_set_id": "AM_VS_GRCH36"}, {"id": "PGX_AM_CS_GSM217504", "biosample_id": "PGX_AM_BS_GSM217504", "variant_set_id": "AM_VS_GRCH36"}, {"id": "PGX_AM_CS_GSM217505", "biosample_id": "PGX_AM_BS_GSM217505", "variant_set_id": "AM_VS_GRCH36"}, {"id": "PGX_AM_CS_GSM217506", "biosample_id": "PGX_AM_BS_GSM217506", "variant_set_id": "AM_VS_GRCH36"}, {"id": "PGX_AM_CS_GSM217507", "biosample_id": "PGX_AM_BS_GSM217507", "variant_set_id": "AM_VS_GRCH36"}, {"id": "PGX_AM_CS_GSM217508", "biosample_id": "PGX_AM_BS_GSM217508", "variant_set_id": "AM_VS_GRCH36"}, {"id": "PGX_AM_CS_GSM217509", "biosample_id": "PGX_AM_BS_GSM217509", "variant_set_id": "AM_VS_GRCH36"}, {"id": "PGX_AM_CS_GSM217510", "biosample_id": "PGX_AM_BS_GSM217510", "variant_set_id": "AM_VS_GRCH36"}, {"id": "PGX_AM_CS_GSM217511", "biosample_id": "PGX_AM_BS_GSM217511", "variant_set_id": "AM_VS_GRCH36"}, {"id": "PGX_AM_CS_GSM217512", "biosample_id": "PGX_AM_BS_GSM217512", "variant_set_id": "AM_VS_GRCH36"}, {"id": "PGX_AM_CS_GSM217513", "biosample_id": "PGX_AM_BS_GSM217513", "variant_set_id": "AM_VS_GRCH36"}, {"id": "PGX_AM_CS_GSM217514", "biosample_id": "PGX_AM_BS_GSM217514", "variant_set_id": "AM_VS_GRCH36"}, {"id": "PGX_AM_CS_GSM217515", "biosample_id": "PGX_AM_BS_GSM217515", "variant_set_id": "AM_VS_GRCH36"}, {"id": "PGX_AM_CS_GSM217516", "biosample_id": "PGX_AM_BS_GSM217516", "variant_set_id": "AM_VS_GRCH36"}, {"id": "PGX_AM_CS_GSM217517", "biosample_id": "PGX_AM_BS_GSM217517", "variant_set_id": "AM_VS_GRCH36"}, {"id": "PGX_AM_CS_GSM217518", "biosample_id": "PGX_AM_BS_GSM217518", "variant_set_id": "AM_VS_GRCH36"}, {"id": "PGX_AM_CS_GSM217519", "biosample_id": "PGX_AM_BS_GSM217519", "variant_set_id": "AM_VS_GRCH36"}, {"id": "PGX_AM_CS_GSM217520", "biosample_id": "PGX_AM_BS_GSM217520", "variant_set_id": "AM_VS_GRCH36"}, {"id": "PGX_AM_CS_GSM217521", "biosample_id": "PGX_AM_BS_GSM217521", "variant_set_id": "AM_VS_GRCH36"}, {"id": "PGX_AM_CS_GSM217522", "biosample_id": "PGX_AM_BS_GSM217522", "variant_set_id": "AM_VS_GRCH36"}, {"id": "PGX_AM_CS_GSM217523", "biosample_id": "PGX_AM_BS_GSM217523", "variant_set_id": "AM_VS_GRCH36"}, {"id": "PGX_AM_CS_GSM217524", "biosample_id": "PGX_AM_BS_GSM217524", "variant_set_id": "AM_VS_GRCH36"}, {"id": "PGX_AM_CS_GSM217525", "biosample_id": "PGX_AM_BS_GSM217525", "variant_set_id": "AM_VS_GRCH36"}, {"id": "PGX_AM_CS_GSM217526", "biosample_id": "PGX_AM_BS_GSM217526", "variant_set_id": "AM_VS_GRCH36"}, {"id": "PGX_AM_CS_GSM217527", "biosample_id": "PGX_AM_BS_GSM217527", "variant_set_id": "AM_VS_GRCH36"}, {"id": "PGX_AM_CS_GSM217528", "biosample_id": "PGX_AM_BS_GSM217528", "variant_set_id": "AM_VS_GRCH36"}, {"id": "PGX_AM_CS_GSM217529", "biosample_id": "PGX_AM_BS_GSM217529", "variant_set_id": "AM_VS_GRCH36"}, {"id": "PGX_AM_CS_GSM217530", "biosample_id": "PGX_AM_BS_GSM217530", "variant_set_id": "AM_VS_GRCH36"}, {"id": "PGX_AM_CS_GSM217531", "biosample_id": "PGX_AM_BS_GSM217531", "variant_set_id": "AM_VS_GRCH36"}, {"id": "PGX_AM_CS_GSM217532", "biosample_id": "PGX_AM_BS_GSM217532", "variant_set_id": "AM_VS_GRCH36"}, {"id": "PGX_AM_CS_GSM217533", "biosample_id": "PGX_AM_BS_GSM217533", "variant_set_id": "AM_VS_GRCH36"}, {"id": "PGX_AM_CS_GSM217534", "biosample_id": "PGX_AM_BS_GSM217534", "variant_set_id": "AM_VS_GRCH36"}, {"id": "PGX_AM_CS_GSM217535", "biosample_id": "PGX_AM_BS_GSM217535", "variant_set_id": "AM_VS_GRCH36"}, {"id": "PGX_AM_CS_GSM217536", "biosample_id": "PGX_AM_BS_GSM217536", "variant_set_id": "AM_VS_GRCH36"}, {"id": "PGX_AM_CS_GSM217537", "biosample_id": "PGX_AM_BS_GSM217537", "variant_set_id": "AM_VS_GRCH36"}, {"id": "PGX_AM_CS_GSM217538", "biosample_id": "PGX_AM_BS_GSM217538", "variant_set_id": "AM_VS_GRCH36"}, {"id": "PGX_AM_CS_GSM217539", "biosample_id": "PGX_AM_BS_GSM217539", "variant_set_id": "AM_VS_GRCH36"}, {"id": "PGX_AM_CS_GSM217540", "biosample_id": "PGX_AM_BS_GSM217540", "variant_set_id": "AM_VS_GRCH36"}, {"id": "PGX_AM_CS_GSM217541", "biosample_id": "PGX_AM_BS_GSM217541", "variant_set_id": "AM_VS_GRCH36"}, {"id": "PGX_AM_CS_GSM217542", "biosample_id": "PGX_AM_BS_GSM217542", "variant_set_id": "AM_VS_GRCH36"}, {"id": "PGX_AM_CS_GSM217543", "biosample_id": "PGX_AM_BS_GSM217543", "variant_set_id": "AM_VS_GRCH36"}, {"id": "PGX_AM_CS_GSM217544", "biosample_id": "PGX_AM_BS_GSM217544", "variant_set_id": "AM_VS_GRCH36"}, {"id": "PGX_AM_CS_GSM217545", "biosample_id": "PGX_AM_BS_GSM217545", "variant_set_id": "AM_VS_GRCH36"}, {"id": "PGX_AM_CS_GSM217546", "biosample_id": "PGX_AM_BS_GSM217546", "variant_set_id": "AM_VS_GRCH36"}, {"id": "PGX_AM_CS_GSM217547", "biosample_id": "PGX_AM_BS_GSM217547", "variant_set_id": "AM_VS_GRCH36"}, {"id": "PGX_AM_CS_GSM217549", "biosample_id": "PGX_AM_BS_GSM217549", "variant_set_id": "AM_VS_GRCH36"}, {"id": "PGX_AM_CS_GSM217550", "biosample_id": "PGX_AM_BS_GSM217550", "variant_set_id": "AM_VS_GRCH36"}, {"id": "PGX_AM_CS_GSM217551", "biosample_id": "PGX_AM_BS_GSM217551", "variant_set_id": "AM_VS_GRCH36"}, {"id": "PGX_AM_CS_GSM217552", "biosample_id": "PGX_AM_BS_GSM217552", "variant_set_id": "AM_VS_GRCH36"}, {"id": "PGX_AM_CS_GSM217553", "biosample_id": "PGX_AM_BS_GSM217553", "variant_set_id": "AM_VS_GRCH36"}, {"id": "PGX_AM_CS_GSM217554", "biosample_id": "PGX_AM_BS_GSM217554", "variant_set_id": "AM_VS_GRCH36"}, {"id": "PGX_AM_CS_GSM217555", "biosample_id": "PGX_AM_BS_GSM217555", "variant_set_id": "AM_VS_GRCH36"}, {"id": "PGX_AM_CS_GSM217556", "biosample_id": "PGX_AM_BS_GSM217556", "variant_set_id": "AM_VS_GRCH36"}, {"id": "PGX_AM_CS_GSM217557", "biosample_id": "PGX_AM_BS_GSM217557", "variant_set_id": "AM_VS_GRCH36"}, {"id": "PGX_AM_CS_GSM217558", "biosample_id": "PGX_AM_BS_GSM217558", "variant_set_id": "AM_VS_GRCH36"}, {"id": "PGX_AM_CS_GSM217559", "biosample_id": "PGX_AM_BS_GSM217559", "variant_set_id": "AM_VS_GRCH36"}, {"id": "PGX_AM_CS_GSM217560", "biosample_id": "PGX_AM_BS_GSM217560", "variant_set_id": "AM_VS_GRCH36"}, {"id": "PGX_AM_CS_GSM217561", "biosample_id": "PGX_AM_BS_GSM217561", "variant_set_id": "AM_VS_GRCH36"}, {"id": "PGX_AM_CS_GSM217562", "biosample_id": "PGX_AM_BS_GSM217562", "variant_set_id": "AM_VS_GRCH36"}, {"id": "PGX_AM_CS_GSM217563", "biosample_id": "PGX_AM_BS_GSM217563", "variant_set_id": "AM_VS_GRCH36"}, {"id": "PGX_AM_CS_GSM217564", "biosample_id": "PGX_AM_BS_GSM217564", "variant_set_id": "AM_VS_GRCH36"}, {"id": "PGX_AM_CS_GSM217565", "biosample_id": "PGX_AM_BS_GSM217565", "variant_set_id": "AM_VS_GRCH36"}, {"id": "PGX_AM_CS_GSM217566", "biosample_id": "PGX_AM_BS_GSM217566", "variant_set_id": "AM_VS_GRCH36"}, {"id": "PGX_AM_CS_GSM217548", "biosample_id": "PGX_AM_BS_GSM217548", "variant_set_id": "AM_VS_GRCH36"}, {"id": "PGX_AM_CS_GSM213840", "biosample_id": "PGX_AM_BS_GSM213840", "variant_set_id": "AM_VS_GRCH36"}, {"id": "PGX_AM_CS_GSM213846", "biosample_id": "PGX_AM_BS_GSM213846", "variant_set_id": "AM_VS_GRCH36"}, {"id": "PGX_AM_CS_GSM213848", "biosample_id": "PGX_AM_BS_GSM213848", "variant_set_id": "AM_VS_GRCH36"}, {"id": "PGX_AM_CS_GSM213853", "biosample_id": "PGX_AM_BS_GSM213853", "variant_set_id": "AM_VS_GRCH36"}, {"id": "PGX_AM_CS_GSM213854", "biosample_id": "PGX_AM_BS_GSM213854", "variant_set_id": "AM_VS_GRCH36"}, {"id": "PGX_AM_CS_GSM213856", "biosample_id": "PGX_AM_BS_GSM213856", "variant_set_id": "AM_VS_GRCH36"}, {"id": "PGX_AM_CS_GSM213858", "biosample_id": "PGX_AM_BS_GSM213858", "variant_set_id": "AM_VS_GRCH36"}, {"id": "PGX_AM_CS_GSM213862", "biosample_id": "PGX_AM_BS_GSM213862", "variant_set_id": "AM_VS_GRCH36"}, {"id": "PGX_AM_CS_GSM213863", "biosample_id": "PGX_AM_BS_GSM213863", "variant_set_id": "AM_VS_GRCH36"}, {"id": "PGX_AM_CS_GSM213870", "biosample_id": "PGX_AM_BS_GSM213870", "variant_set_id": "AM_VS_GRCH36"}, {"id": "PGX_AM_CS_GSM213871", "biosample_id": "PGX_AM_BS_GSM213871", "variant_set_id": "AM_VS_GRCH36"}, {"id": "PGX_AM_CS_GSM213873", "biosample_id": "PGX_AM_BS_GSM213873", "variant_set_id": "AM_VS_GRCH36"}, {"id": "PGX_AM_CS_GSM213875", "biosample_id": "PGX_AM_BS_GSM213875", "variant_set_id": "AM_VS_GRCH36"}, {"id": "PGX_AM_CS_GSM213876", "biosample_id": "PGX_AM_BS_GSM213876", "variant_set_id": "AM_VS_GRCH36"}, {"id": "PGX_AM_CS_GSM213881", "biosample_id": "PGX_AM_BS_GSM213881", "variant_set_id": "AM_VS_GRCH36"}, {"id": "PGX_AM_CS_GSM213889", "biosample_id": "PGX_AM_BS_GSM213889", "variant_set_id": "AM_VS_GRCH36"}, {"id": "PGX_AM_CS_GSM213891", "biosample_id": "PGX_AM_BS_GSM213891", "variant_set_id": "AM_VS_GRCH36"}, {"id": "PGX_AM_CS_GSM213892", "biosample_id": "PGX_AM_BS_GSM213892", "variant_set_id": "AM_VS_GRCH36"}, {"id": "PGX_AM_CS_GSM213895", "biosample_id": "PGX_AM_BS_GSM213895", "variant_set_id": "AM_VS_GRCH36"}, {"id": "PGX_AM_CS_GSM213897", "biosample_id": "PGX_AM_BS_GSM213897", "variant_set_id": "AM_VS_GRCH36"}, {"id": "PGX_AM_CS_GSM213900", "biosample_id": "PGX_AM_BS_GSM213900", "variant_set_id": "AM_VS_GRCH36"}, {"id": "PGX_AM_CS_GSM213901", "biosample_id": "PGX_AM_BS_GSM213901", "variant_set_id": "AM_VS_GRCH36"}, {"id": "PGX_AM_CS_GSM213902", "biosample_id": "PGX_AM_BS_GSM213902", "variant_set_id": "AM_VS_GRCH36"}, {"id": "PGX_AM_CS_GSM213904", "biosample_id": "PGX_AM_BS_GSM213904", "variant_set_id": "AM_VS_GRCH36"}, {"id": "PGX_AM_CS_GSM213905", "biosample_id": "PGX_AM_BS_GSM213905", "variant_set_id": "AM_VS_GRCH36"}, {"id": "PGX_AM_CS_GSM213909", "biosample_id": "PGX_AM_BS_GSM213909", "variant_set_id": "AM_VS_GRCH36"}]
