[{"biosample_id": "PGX_AM_BS_GSM217530", "id": "PGX_AM_CS_GSM217530", "variant_set_id": "AM_VS_HG18"}, {"biosample_id": "PGX_AM_BS_GSM217442", "id": "PGX_AM_CS_GSM217442", "variant_set_id": "AM_VS_HG18"}, {"biosample_id": "PGX_AM_BS_GSM288115", "id": "PGX_AM_CS_GSM288115", "variant_set_id": "AM_VS_HG18"}, {"biosample_id": "PGX_AM_BS_BrCa-fri-S1504", "id": "PGX_AM_CS_BrCa-fri-S1504", "variant_set_id": "AM_VS_HG18"}, {"biosample_id": "PGX_AM_BS_GSM217419", "id": "PGX_AM_CS_GSM217419", "variant_set_id": "AM_VS_HG18"}, {"biosample_id": "PGX_AM_BS_GSM213840", "id": "PGX_AM_CS_GSM213840", "variant_set_id": "AM_VS_HG18"}, {"biosample_id": "PGX_AM_BS_GSM288175", "id": "PGX_AM_CS_GSM288175", "variant_set_id": "AM_VS_HG18"}, {"biosample_id": "PGX_AM_BS_GSM217411", "id": "PGX_AM_CS_GSM217411", "variant_set_id": "AM_VS_HG18"}, {"biosample_id": "PGX_AM_BS_GSM217497", "id": "PGX_AM_CS_GSM217497", "variant_set_id": "AM_VS_HG18"}, {"biosample_id": "PGX_AM_BS_GSM217479", "id": "PGX_AM_CS_GSM217479", "variant_set_id": "AM_VS_HG18"}, {"biosample_id": "PGX_AM_BS_GSM217436", "id": "PGX_AM_CS_GSM217436", "variant_set_id": "AM_VS_HG18"}, {"biosample_id": "PGX_AM_BS_GSM288035", "id": "PGX_AM_CS_GSM288035", "variant_set_id": "AM_VS_HG18"}, {"biosample_id": "PGX_AM_BS_BrCa-fri-S1524", "id": "PGX_AM_CS_BrCa-fri-S1524", "variant_set_id": "AM_VS_HG18"}, {"biosample_id": "PGX_AM_BS_BrCa-fri-S0257", "id": "PGX_AM_CS_BrCa-fri-S0257", "variant_set_id": "AM_VS_HG18"}, {"biosample_id": "PGX_AM_BS_GSM288077", "id": "PGX_AM_CS_GSM288077", "variant_set_id": "AM_VS_HG18"}, {"biosample_id": "PGX_AM_BS_GSM217450", "id": "PGX_AM_CS_GSM217450", "variant_set_id": "AM_VS_HG18"}, {"biosample_id": "PGX_AM_BS_GSM288197", "id": "PGX_AM_CS_GSM288197", "variant_set_id": "AM_VS_HG18"}, {"biosample_id": "PGX_AM_BS_BrCa-fri-S1526", "id": "PGX_AM_CS_BrCa-fri-S1526", "variant_set_id": "AM_VS_HG18"}, {"biosample_id": "PGX_AM_BS_GSM217454", "id": "PGX_AM_CS_GSM217454", "variant_set_id": "AM_VS_HG18"}, {"biosample_id": "PGX_AM_BS_ChemSR-kim-R5", "id": "PGX_AM_CS_ChemSR-kim-R5", "variant_set_id": "AM_VS_HG18"}, {"biosample_id": "PGX_AM_BS_GSM217537", "id": "PGX_AM_CS_GSM217537", "variant_set_id": "AM_VS_HG18"}, {"biosample_id": "PGX_AM_BS_GSM288221", "id": "PGX_AM_CS_GSM288221", "variant_set_id": "AM_VS_HG18"}, {"biosample_id": "PGX_AM_BS_GSM217460", "id": "PGX_AM_CS_GSM217460", "variant_set_id": "AM_VS_HG18"}, {"biosample_id": "PGX_AM_BS_GSM217500", "id": "PGX_AM_CS_GSM217500", "variant_set_id": "AM_VS_HG18"}, {"biosample_id": "PGX_AM_BS_GSM213909", "id": "PGX_AM_CS_GSM213909", "variant_set_id": "AM_VS_HG18"}, {"biosample_id": "PGX_AM_BS_GSM217410", "id": "PGX_AM_CS_GSM217410", "variant_set_id": "AM_VS_HG18"}, {"biosample_id": "PGX_AM_BS_GSM217491", "id": "PGX_AM_CS_GSM217491", "variant_set_id": "AM_VS_HG18"}, {"biosample_id": "PGX_AM_BS_GSM288165", "id": "PGX_AM_CS_GSM288165", "variant_set_id": "AM_VS_HG18"}, {"biosample_id": "PGX_AM_BS_GSM217425", "id": "PGX_AM_CS_GSM217425", "variant_set_id": "AM_VS_HG18"}, {"biosample_id": "PGX_AM_BS_GSM288097", "id": "PGX_AM_CS_GSM288097", "variant_set_id": "AM_VS_HG18"}, {"biosample_id": "PGX_AM_BS_GSM288139", "id": "PGX_AM_CS_GSM288139", "variant_set_id": "AM_VS_HG18"}, {"biosample_id": "PGX_AM_BS_GSM288141", "id": "PGX_AM_CS_GSM288141", "variant_set_id": "AM_VS_HG18"}, {"biosample_id": "PGX_AM_BS_GSM217426", "id": "PGX_AM_CS_GSM217426", "variant_set_id": "AM_VS_HG18"}, {"biosample_id": "PGX_AM_BS_BrCa-fri-S0303", "id": "PGX_AM_CS_BrCa-fri-S0303", "variant_set_id": "AM_VS_HG18"}, {"biosample_id": "PGX_AM_BS_GSM288049", "id": "PGX_AM_CS_GSM288049", "variant_set_id": "AM_VS_HG18"}, {"biosample_id": "PGX_AM_BS_GSM217542", "id": "PGX_AM_CS_GSM217542", "variant_set_id": "AM_VS_HG18"}, {"biosample_id": "PGX_AM_BS_GSM217434", "id": "PGX_AM_CS_GSM217434", "variant_set_id": "AM_VS_HG18"}, {"biosample_id": "PGX_AM_BS_BrCa-fri-S1545", "id": "PGX_AM_CS_BrCa-fri-S1545", "variant_set_id": "AM_VS_HG18"}, {"biosample_id": "PGX_AM_BS_GSM213875", "id": "PGX_AM_CS_GSM213875", "variant_set_id": "AM_VS_HG18"}, {"biosample_id": "PGX_AM_BS_GSM213873", "id": "PGX_AM_CS_GSM213873", "variant_set_id": "AM_VS_HG18"}, {"biosample_id": "PGX_AM_BS_GSM217508", "id": "PGX_AM_CS_GSM217508", "variant_set_id": "AM_VS_HG18"}, {"biosample_id": "PGX_AM_BS_BrCa-fri-S0050", "id": "PGX_AM_CS_BrCa-fri-S0050", "variant_set_id": "AM_VS_HG18"}, {"biosample_id": "PGX_AM_BS_GSM288037", "id": "PGX_AM_CS_GSM288037", "variant_set_id": "AM_VS_HG18"}, {"biosample_id": "PGX_AM_BS_GSM288163", "id": "PGX_AM_CS_GSM288163", "variant_set_id": "AM_VS_HG18"}, {"biosample_id": "PGX_AM_BS_GSM217534", "id": "PGX_AM_CS_GSM217534", "variant_set_id": "AM_VS_HG18"}, {"biosample_id": "PGX_AM_BS_GSM217472", "id": "PGX_AM_CS_GSM217472", "variant_set_id": "AM_VS_HG18"}, {"biosample_id": "PGX_AM_BS_BrCa-fri-S0127", "id": "PGX_AM_CS_BrCa-fri-S0127", "variant_set_id": "AM_VS_HG18"}, {"biosample_id": "PGX_AM_BS_GSM288181", "id": "PGX_AM_CS_GSM288181", "variant_set_id": "AM_VS_HG18"}, {"biosample_id": "PGX_AM_BS_GSM288169", "id": "PGX_AM_CS_GSM288169", "variant_set_id": "AM_VS_HG18"}, {"biosample_id": "PGX_AM_BS_GSM288125", "id": "PGX_AM_CS_GSM288125", "variant_set_id": "AM_VS_HG18"}, {"biosample_id": "PGX_AM_BS_GSM217463", "id": "PGX_AM_CS_GSM217463", "variant_set_id": "AM_VS_HG18"}, {"biosample_id": "PGX_AM_BS_GSM217452", "id": "PGX_AM_CS_GSM217452", "variant_set_id": "AM_VS_HG18"}, {"biosample_id": "PGX_AM_BS_ChemSR-kim-R7", "id": "PGX_AM_CS_ChemSR-kim-R7", "variant_set_id": "AM_VS_HG18"}, {"biosample_id": "PGX_AM_BS_BrCa-fri-S0001", "id": "PGX_AM_CS_BrCa-fri-S0001", "variant_set_id": "AM_VS_HG18"}, {"biosample_id": "PGX_AM_BS_BrCa-fri-S0077", "id": "PGX_AM_CS_BrCa-fri-S0077", "variant_set_id": "AM_VS_HG18"}, {"biosample_id": "PGX_AM_BS_GSM288191", "id": "PGX_AM_CS_GSM288191", "variant_set_id": "AM_VS_HG18"}, {"biosample_id": "PGX_AM_BS_GSM288085", "id": "PGX_AM_CS_GSM288085", "variant_set_id": "AM_VS_HG18"}, {"biosample_id": "PGX_AM_BS_GSM217511", "id": "PGX_AM_CS_GSM217511", "variant_set_id": "AM_VS_HG18"}, {"biosample_id": "PGX_AM_BS_GSM288071", "id": "PGX_AM_CS_GSM288071", "variant_set_id": "AM_VS_HG18"}, {"biosample_id": "PGX_AM_BS_BrCa-fri-S1536", "id": "PGX_AM_CS_BrCa-fri-S1536", "variant_set_id": "AM_VS_HG18"}, {"biosample_id": "PGX_AM_BS_BrCa-fri-S0117", "id": "PGX_AM_CS_BrCa-fri-S0117", "variant_set_id": "AM_VS_HG18"}, {"biosample_id": "PGX_AM_BS_GSM217400", "id": "PGX_AM_CS_GSM217400", "variant_set_id": "AM_VS_HG18"}, {"biosample_id": "PGX_AM_BS_GSM217561", "id": "PGX_AM_CS_GSM217561", "variant_set_id": "AM_VS_HG18"}, {"biosample_id": "PGX_AM_BS_GSM213895", "id": "PGX_AM_CS_GSM213895", "variant_set_id": "AM_VS_HG18"}, {"biosample_id": "PGX_AM_BS_GSM217509", "id": "PGX_AM_CS_GSM217509", "variant_set_id": "AM_VS_HG18"}, {"biosample_id": "PGX_AM_BS_GSM288203", "id": "PGX_AM_CS_GSM288203", "variant_set_id": "AM_VS_HG18"}, {"biosample_id": "PGX_AM_BS_BrCa-fri-S0013", "id": "PGX_AM_CS_BrCa-fri-S0013", "variant_set_id": "AM_VS_HG18"}, {"biosample_id": "PGX_AM_BS_GSM217453", "id": "PGX_AM_CS_GSM217453", "variant_set_id": "AM_VS_HG18"}, {"biosample_id": "PGX_AM_BS_BrCa-fri-S0066", "id": "PGX_AM_CS_BrCa-fri-S0066", "variant_set_id": "AM_VS_HG18"}, {"biosample_id": "PGX_AM_BS_BrCa-fri-S1511", "id": "PGX_AM_CS_BrCa-fri-S1511", "variant_set_id": "AM_VS_HG18"}, {"biosample_id": "PGX_AM_BS_ChemSR-kim-R8", "id": "PGX_AM_CS_ChemSR-kim-R8", "variant_set_id": "AM_VS_HG18"}, {"biosample_id": "PGX_AM_BS_GSM217502", "id": "PGX_AM_CS_GSM217502", "variant_set_id": "AM_VS_HG18"}, {"biosample_id": "PGX_AM_BS_GSM288217", "id": "PGX_AM_CS_GSM288217", "variant_set_id": "AM_VS_HG18"}, {"biosample_id": "PGX_AM_BS_GSM217466", "id": "PGX_AM_CS_GSM217466", "variant_set_id": "AM_VS_HG18"}, {"biosample_id": "PGX_AM_BS_GSM217498", "id": "PGX_AM_CS_GSM217498", "variant_set_id": "AM_VS_HG18"}, {"biosample_id": "PGX_AM_BS_GSM217548", "id": "PGX_AM_CS_GSM217548", "variant_set_id": "AM_VS_HG18"}, {"biosample_id": "PGX_AM_BS_BrCa-fri-S0126", "id": "PGX_AM_CS_BrCa-fri-S0126", "variant_set_id": "AM_VS_HG18"}, {"biosample_id": "PGX_AM_BS_GSM288081", "id": "PGX_AM_CS_GSM288081", "variant_set_id": "AM_VS_HG18"}, {"biosample_id": "PGX_AM_BS_GSM213856", "id": "PGX_AM_CS_GSM213856", "variant_set_id": "AM_VS_HG18"}, {"biosample_id": "PGX_AM_BS_GSM217539", "id": "PGX_AM_CS_GSM217539", "variant_set_id": "AM_VS_HG18"}, {"biosample_id": "PGX_AM_BS_GSM217546", "id": "PGX_AM_CS_GSM217546", "variant_set_id": "AM_VS_HG18"}, {"biosample_id": "PGX_AM_BS_GSM217545", "id": "PGX_AM_CS_GSM217545", "variant_set_id": "AM_VS_HG18"}, {"biosample_id": "PGX_AM_BS_GSM217535", "id": "PGX_AM_CS_GSM217535", "variant_set_id": "AM_VS_HG18"}, {"biosample_id": "PGX_AM_BS_GSM288153", "id": "PGX_AM_CS_GSM288153", "variant_set_id": "AM_VS_HG18"}, {"biosample_id": "PGX_AM_BS_GSM217455", "id": "PGX_AM_CS_GSM217455", "variant_set_id": "AM_VS_HG18"}, {"biosample_id": "PGX_AM_BS_GSM217519", "id": "PGX_AM_CS_GSM217519", "variant_set_id": "AM_VS_HG18"}, {"biosample_id": "PGX_AM_BS_GSM288041", "id": "PGX_AM_CS_GSM288041", "variant_set_id": "AM_VS_HG18"}, {"biosample_id": "PGX_AM_BS_ChemSR-kim-R1", "id": "PGX_AM_CS_ChemSR-kim-R1", "variant_set_id": "AM_VS_HG18"}, {"biosample_id": "PGX_AM_BS_GSM217438", "id": "PGX_AM_CS_GSM217438", "variant_set_id": "AM_VS_HG18"}, {"biosample_id": "PGX_AM_BS_GSM288187", "id": "PGX_AM_CS_GSM288187", "variant_set_id": "AM_VS_HG18"}, {"biosample_id": "PGX_AM_BS_GSM288189", "id": "PGX_AM_CS_GSM288189", "variant_set_id": "AM_VS_HG18"}, {"biosample_id": "PGX_AM_BS_GSM217504", "id": "PGX_AM_CS_GSM217504", "variant_set_id": "AM_VS_HG18"}, {"biosample_id": "PGX_AM_BS_ChemSR-kim-S7", "id": "PGX_AM_CS_ChemSR-kim-S7", "variant_set_id": "AM_VS_HG18"}, {"biosample_id": "PGX_AM_BS_GSM217470", "id": "PGX_AM_CS_GSM217470", "variant_set_id": "AM_VS_HG18"}, {"biosample_id": "PGX_AM_BS_GSM288135", "id": "PGX_AM_CS_GSM288135", "variant_set_id": "AM_VS_HG18"}, {"biosample_id": "PGX_AM_BS_GSM217428", "id": "PGX_AM_CS_GSM217428", "variant_set_id": "AM_VS_HG18"}, {"biosample_id": "PGX_AM_BS_GSM288039", "id": "PGX_AM_CS_GSM288039", "variant_set_id": "AM_VS_HG18"}, {"biosample_id": "PGX_AM_BS_GSM217531", "id": "PGX_AM_CS_GSM217531", "variant_set_id": "AM_VS_HG18"}, {"biosample_id": "PGX_AM_BS_GSM288137", "id": "PGX_AM_CS_GSM288137", "variant_set_id": "AM_VS_HG18"}, {"biosample_id": "PGX_AM_BS_GSM217448", "id": "PGX_AM_CS_GSM217448", "variant_set_id": "AM_VS_HG18"}, {"biosample_id": "PGX_AM_BS_GSM217403", "id": "PGX_AM_CS_GSM217403", "variant_set_id": "AM_VS_HG18"}, {"biosample_id": "PGX_AM_BS_GSM288195", "id": "PGX_AM_CS_GSM288195", "variant_set_id": "AM_VS_HG18"}, {"biosample_id": "PGX_AM_BS_GSM288057", "id": "PGX_AM_CS_GSM288057", "variant_set_id": "AM_VS_HG18"}, {"biosample_id": "PGX_AM_BS_GSM288171", "id": "PGX_AM_CS_GSM288171", "variant_set_id": "AM_VS_HG18"}, {"biosample_id": "PGX_AM_BS_GSM217501", "id": "PGX_AM_CS_GSM217501", "variant_set_id": "AM_VS_HG18"}, {"biosample_id": "PGX_AM_BS_GSM288121", "id": "PGX_AM_CS_GSM288121", "variant_set_id": "AM_VS_HG18"}, {"biosample_id": "PGX_AM_BS_GSM213846", "id": "PGX_AM_CS_GSM213846", "variant_set_id": "AM_VS_HG18"}, {"biosample_id": "PGX_AM_BS_GSM217433", "id": "PGX_AM_CS_GSM217433", "variant_set_id": "AM_VS_HG18"}, {"biosample_id": "PGX_AM_BS_GSM217407", "id": "PGX_AM_CS_GSM217407", "variant_set_id": "AM_VS_HG18"}, {"biosample_id": "PGX_AM_BS_GSM217462", "id": "PGX_AM_CS_GSM217462", "variant_set_id": "AM_VS_HG18"}, {"biosample_id": "PGX_AM_BS_GSM217553", "id": "PGX_AM_CS_GSM217553", "variant_set_id": "AM_VS_HG18"}, {"biosample_id": "PGX_AM_BS_GSM288157", "id": "PGX_AM_CS_GSM288157", "variant_set_id": "AM_VS_HG18"}, {"biosample_id": "PGX_AM_BS_GSM288155", "id": "PGX_AM_CS_GSM288155", "variant_set_id": "AM_VS_HG18"}, {"biosample_id": "PGX_AM_BS_BrCa-fri-S1541", "id": "PGX_AM_CS_BrCa-fri-S1541", "variant_set_id": "AM_VS_HG18"}, {"biosample_id": "PGX_AM_BS_GSM288185", "id": "PGX_AM_CS_GSM288185", "variant_set_id": "AM_VS_HG18"}, {"biosample_id": "PGX_AM_BS_GSM213892", "id": "PGX_AM_CS_GSM213892", "variant_set_id": "AM_VS_HG18"}, {"biosample_id": "PGX_AM_BS_GSM217474", "id": "PGX_AM_CS_GSM217474", "variant_set_id": "AM_VS_HG18"}, {"biosample_id": "PGX_AM_BS_GSM217427", "id": "PGX_AM_CS_GSM217427", "variant_set_id": "AM_VS_HG18"}, {"biosample_id": "PGX_AM_BS_GSM217468", "id": "PGX_AM_CS_GSM217468", "variant_set_id": "AM_VS_HG18"}, {"biosample_id": "PGX_AM_BS_BrCa-fri-S1508", "id": "PGX_AM_CS_BrCa-fri-S1508", "variant_set_id": "AM_VS_HG18"}, {"biosample_id": "PGX_AM_BS_BrCa-fri-S0195", "id": "PGX_AM_CS_BrCa-fri-S0195", "variant_set_id": "AM_VS_HG18"}, {"biosample_id": "PGX_AM_BS_GSM217422", "id": "PGX_AM_CS_GSM217422", "variant_set_id": "AM_VS_HG18"}, {"biosample_id": "PGX_AM_BS_GSM217485", "id": "PGX_AM_CS_GSM217485", "variant_set_id": "AM_VS_HG18"}, {"biosample_id": "PGX_AM_BS_GSM288119", "id": "PGX_AM_CS_GSM288119", "variant_set_id": "AM_VS_HG18"}, {"biosample_id": "PGX_AM_BS_GSM217550", "id": "PGX_AM_CS_GSM217550", "variant_set_id": "AM_VS_HG18"}, {"biosample_id": "PGX_AM_BS_GSM217421", "id": "PGX_AM_CS_GSM217421", "variant_set_id": "AM_VS_HG18"}, {"biosample_id": "PGX_AM_BS_GSM217482", "id": "PGX_AM_CS_GSM217482", "variant_set_id": "AM_VS_HG18"}, {"biosample_id": "PGX_AM_BS_GSM217503", "id": "PGX_AM_CS_GSM217503", "variant_set_id": "AM_VS_HG18"}, {"biosample_id": "PGX_AM_BS_ChemSR-kim-S1", "id": "PGX_AM_CS_ChemSR-kim-S1", "variant_set_id": "AM_VS_HG18"}, {"biosample_id": "PGX_AM_BS_GSM288211", "id": "PGX_AM_CS_GSM288211", "variant_set_id": "AM_VS_HG18"}, {"biosample_id": "PGX_AM_BS_GSM213871", "id": "PGX_AM_CS_GSM213871", "variant_set_id": "AM_VS_HG18"}, {"biosample_id": "PGX_AM_BS_GSM217488", "id": "PGX_AM_CS_GSM217488", "variant_set_id": "AM_VS_HG18"}, {"biosample_id": "PGX_AM_BS_GSM288083", "id": "PGX_AM_CS_GSM288083", "variant_set_id": "AM_VS_HG18"}, {"biosample_id": "PGX_AM_BS_GSM288205", "id": "PGX_AM_CS_GSM288205", "variant_set_id": "AM_VS_HG18"}, {"biosample_id": "PGX_AM_BS_ChemSR-kim-R10", "id": "PGX_AM_CS_ChemSR-kim-R10", "variant_set_id": "AM_VS_HG18"}, {"biosample_id": "PGX_AM_BS_GSM288207", "id": "PGX_AM_CS_GSM288207", "variant_set_id": "AM_VS_HG18"}, {"biosample_id": "PGX_AM_BS_GSM213889", "id": "PGX_AM_CS_GSM213889", "variant_set_id": "AM_VS_HG18"}, {"biosample_id": "PGX_AM_BS_GSM217461", "id": "PGX_AM_CS_GSM217461", "variant_set_id": "AM_VS_HG18"}, {"biosample_id": "PGX_AM_BS_BrCa-fri-S1506", "id": "PGX_AM_CS_BrCa-fri-S1506", "variant_set_id": "AM_VS_HG18"}, {"biosample_id": "PGX_AM_BS_GSM217405", "id": "PGX_AM_CS_GSM217405", "variant_set_id": "AM_VS_HG18"}, {"biosample_id": "PGX_AM_BS_GSM217524", "id": "PGX_AM_CS_GSM217524", "variant_set_id": "AM_VS_HG18"}, {"biosample_id": "PGX_AM_BS_GSM217487", "id": "PGX_AM_CS_GSM217487", "variant_set_id": "AM_VS_HG18"}, {"biosample_id": "PGX_AM_BS_GSM217447", "id": "PGX_AM_CS_GSM217447", "variant_set_id": "AM_VS_HG18"}, {"biosample_id": "PGX_AM_BS_GSM213881", "id": "PGX_AM_CS_GSM213881", "variant_set_id": "AM_VS_HG18"}, {"biosample_id": "PGX_AM_BS_BrCa-fri-S1616", "id": "PGX_AM_CS_BrCa-fri-S1616", "variant_set_id": "AM_VS_HG18"}, {"biosample_id": "PGX_AM_BS_GSM217477", "id": "PGX_AM_CS_GSM217477", "variant_set_id": "AM_VS_HG18"}, {"biosample_id": "PGX_AM_BS_GSM217439", "id": "PGX_AM_CS_GSM217439", "variant_set_id": "AM_VS_HG18"}, {"biosample_id": "PGX_AM_BS_ChemSR-kim-S4", "id": "PGX_AM_CS_ChemSR-kim-S4", "variant_set_id": "AM_VS_HG18"}, {"biosample_id": "PGX_AM_BS_BrCa-fri-S1542", "id": "PGX_AM_CS_BrCa-fri-S1542", "variant_set_id": "AM_VS_HG18"}, {"biosample_id": "PGX_AM_BS_GSM213902", "id": "PGX_AM_CS_GSM213902", "variant_set_id": "AM_VS_HG18"}, {"biosample_id": "PGX_AM_BS_ChemSR-kim-R2", "id": "PGX_AM_CS_ChemSR-kim-R2", "variant_set_id": "AM_VS_HG18"}, {"biosample_id": "PGX_AM_BS_GSM217431", "id": "PGX_AM_CS_GSM217431", "variant_set_id": "AM_VS_HG18"}, {"biosample_id": "PGX_AM_BS_GSM288209", "id": "PGX_AM_CS_GSM288209", "variant_set_id": "AM_VS_HG18"}, {"biosample_id": "PGX_AM_BS_GSM288067", "id": "PGX_AM_CS_GSM288067", "variant_set_id": "AM_VS_HG18"}, {"biosample_id": "PGX_AM_BS_BrCa-fri-S1534", "id": "PGX_AM_CS_BrCa-fri-S1534", "variant_set_id": "AM_VS_HG18"}, {"biosample_id": "PGX_AM_BS_ChemSR-kim-R3", "id": "PGX_AM_CS_ChemSR-kim-R3", "variant_set_id": "AM_VS_HG18"}, {"biosample_id": "PGX_AM_BS_BrCa-fri-S0021", "id": "PGX_AM_CS_BrCa-fri-S0021", "variant_set_id": "AM_VS_HG18"}, {"biosample_id": "PGX_AM_BS_GSM217396", "id": "PGX_AM_CS_GSM217396", "variant_set_id": "AM_VS_HG18"}, {"biosample_id": "PGX_AM_BS_GSM217467", "id": "PGX_AM_CS_GSM217467", "variant_set_id": "AM_VS_HG18"}, {"biosample_id": "PGX_AM_BS_GSM217516", "id": "PGX_AM_CS_GSM217516", "variant_set_id": "AM_VS_HG18"}, {"biosample_id": "PGX_AM_BS_GSM288149", "id": "PGX_AM_CS_GSM288149", "variant_set_id": "AM_VS_HG18"}, {"biosample_id": "PGX_AM_BS_GSM213897", "id": "PGX_AM_CS_GSM213897", "variant_set_id": "AM_VS_HG18"}, {"biosample_id": "PGX_AM_BS_BrCa-fri-S0052", "id": "PGX_AM_CS_BrCa-fri-S0052", "variant_set_id": "AM_VS_HG18"}, {"biosample_id": "PGX_AM_BS_GSM217443", "id": "PGX_AM_CS_GSM217443", "variant_set_id": "AM_VS_HG18"}, {"biosample_id": "PGX_AM_BS_GSM217562", "id": "PGX_AM_CS_GSM217562", "variant_set_id": "AM_VS_HG18"}, {"biosample_id": "PGX_AM_BS_GSM217423", "id": "PGX_AM_CS_GSM217423", "variant_set_id": "AM_VS_HG18"}, {"biosample_id": "PGX_AM_BS_GSM288063", "id": "PGX_AM_CS_GSM288063", "variant_set_id": "AM_VS_HG18"}, {"biosample_id": "PGX_AM_BS_GSM217399", "id": "PGX_AM_CS_GSM217399", "variant_set_id": "AM_VS_HG18"}, {"biosample_id": "PGX_AM_BS_GSM288101", "id": "PGX_AM_CS_GSM288101", "variant_set_id": "AM_VS_HG18"}, {"biosample_id": "PGX_AM_BS_BrCa-fri-S1515", "id": "PGX_AM_CS_BrCa-fri-S1515", "variant_set_id": "AM_VS_HG18"}, {"biosample_id": "PGX_AM_BS_GSM217518", "id": "PGX_AM_CS_GSM217518", "variant_set_id": "AM_VS_HG18"}, {"biosample_id": "PGX_AM_BS_GSM213858", "id": "PGX_AM_CS_GSM213858", "variant_set_id": "AM_VS_HG18"}, {"biosample_id": "PGX_AM_BS_GSM217566", "id": "PGX_AM_CS_GSM217566", "variant_set_id": "AM_VS_HG18"}, {"biosample_id": "PGX_AM_BS_GSM217543", "id": "PGX_AM_CS_GSM217543", "variant_set_id": "AM_VS_HG18"}, {"biosample_id": "PGX_AM_BS_GSM217494", "id": "PGX_AM_CS_GSM217494", "variant_set_id": "AM_VS_HG18"}, {"biosample_id": "PGX_AM_BS_GSM217521", "id": "PGX_AM_CS_GSM217521", "variant_set_id": "AM_VS_HG18"}, {"biosample_id": "PGX_AM_BS_GSM288069", "id": "PGX_AM_CS_GSM288069", "variant_set_id": "AM_VS_HG18"}, {"biosample_id": "PGX_AM_BS_GSM217510", "id": "PGX_AM_CS_GSM217510", "variant_set_id": "AM_VS_HG18"}, {"biosample_id": "PGX_AM_BS_GSM288159", "id": "PGX_AM_CS_GSM288159", "variant_set_id": "AM_VS_HG18"}, {"biosample_id": "PGX_AM_BS_GSM217430", "id": "PGX_AM_CS_GSM217430", "variant_set_id": "AM_VS_HG18"}, {"biosample_id": "PGX_AM_BS_GSM217564", "id": "PGX_AM_CS_GSM217564", "variant_set_id": "AM_VS_HG18"}, {"biosample_id": "PGX_AM_BS_GSM288177", "id": "PGX_AM_CS_GSM288177", "variant_set_id": "AM_VS_HG18"}, {"biosample_id": "PGX_AM_BS_GSM217563", "id": "PGX_AM_CS_GSM217563", "variant_set_id": "AM_VS_HG18"}, {"biosample_id": "PGX_AM_BS_GSM217478", "id": "PGX_AM_CS_GSM217478", "variant_set_id": "AM_VS_HG18"}, {"biosample_id": "PGX_AM_BS_GSM288055", "id": "PGX_AM_CS_GSM288055", "variant_set_id": "AM_VS_HG18"}, {"biosample_id": "PGX_AM_BS_GSM217483", "id": "PGX_AM_CS_GSM217483", "variant_set_id": "AM_VS_HG18"}, {"biosample_id": "PGX_AM_BS_GSM217489", "id": "PGX_AM_CS_GSM217489", "variant_set_id": "AM_VS_HG18"}, {"biosample_id": "PGX_AM_BS_GSM288179", "id": "PGX_AM_CS_GSM288179", "variant_set_id": "AM_VS_HG18"}, {"biosample_id": "PGX_AM_BS_GSM288199", "id": "PGX_AM_CS_GSM288199", "variant_set_id": "AM_VS_HG18"}, {"biosample_id": "PGX_AM_BS_GSM288161", "id": "PGX_AM_CS_GSM288161", "variant_set_id": "AM_VS_HG18"}, {"biosample_id": "PGX_AM_BS_GSM217556", "id": "PGX_AM_CS_GSM217556", "variant_set_id": "AM_VS_HG18"}, {"biosample_id": "PGX_AM_BS_GSM217514", "id": "PGX_AM_CS_GSM217514", "variant_set_id": "AM_VS_HG18"}, {"biosample_id": "PGX_AM_BS_GSM217540", "id": "PGX_AM_CS_GSM217540", "variant_set_id": "AM_VS_HG18"}, {"biosample_id": "PGX_AM_BS_GSM217547", "id": "PGX_AM_CS_GSM217547", "variant_set_id": "AM_VS_HG18"}, {"biosample_id": "PGX_AM_BS_GSM217404", "id": "PGX_AM_CS_GSM217404", "variant_set_id": "AM_VS_HG18"}, {"biosample_id": "PGX_AM_BS_BrCa-fri-S1522", "id": "PGX_AM_CS_BrCa-fri-S1522", "variant_set_id": "AM_VS_HG18"}, {"biosample_id": "PGX_AM_BS_GSM217536", "id": "PGX_AM_CS_GSM217536", "variant_set_id": "AM_VS_HG18"}, {"biosample_id": "PGX_AM_BS_GSM217429", "id": "PGX_AM_CS_GSM217429", "variant_set_id": "AM_VS_HG18"}, {"biosample_id": "PGX_AM_BS_GSM288059", "id": "PGX_AM_CS_GSM288059", "variant_set_id": "AM_VS_HG18"}, {"biosample_id": "PGX_AM_BS_ChemSR-kim-S3", "id": "PGX_AM_CS_ChemSR-kim-S3", "variant_set_id": "AM_VS_HG18"}, {"biosample_id": "PGX_AM_BS_GSM217557", "id": "PGX_AM_CS_GSM217557", "variant_set_id": "AM_VS_HG18"}, {"biosample_id": "PGX_AM_BS_GSM288129", "id": "PGX_AM_CS_GSM288129", "variant_set_id": "AM_VS_HG18"}, {"biosample_id": "PGX_AM_BS_GSM213905", "id": "PGX_AM_CS_GSM213905", "variant_set_id": "AM_VS_HG18"}, {"biosample_id": "PGX_AM_BS_GSM217420", "id": "PGX_AM_CS_GSM217420", "variant_set_id": "AM_VS_HG18"}, {"biosample_id": "PGX_AM_BS_GSM217417", "id": "PGX_AM_CS_GSM217417", "variant_set_id": "AM_VS_HG18"}, {"biosample_id": "PGX_AM_BS_GSM288105", "id": "PGX_AM_CS_GSM288105", "variant_set_id": "AM_VS_HG18"}, {"biosample_id": "PGX_AM_BS_ChemSR-kim-S5", "id": "PGX_AM_CS_ChemSR-kim-S5", "variant_set_id": "AM_VS_HG18"}, {"biosample_id": "PGX_AM_BS_GSM288151", "id": "PGX_AM_CS_GSM288151", "variant_set_id": "AM_VS_HG18"}, {"biosample_id": "PGX_AM_BS_GSM288091", "id": "PGX_AM_CS_GSM288091", "variant_set_id": "AM_VS_HG18"}, {"biosample_id": "PGX_AM_BS_GSM288133", "id": "PGX_AM_CS_GSM288133", "variant_set_id": "AM_VS_HG18"}, {"biosample_id": "PGX_AM_BS_BrCa-fri-S1579", "id": "PGX_AM_CS_BrCa-fri-S1579", "variant_set_id": "AM_VS_HG18"}, {"biosample_id": "PGX_AM_BS_GSM288103", "id": "PGX_AM_CS_GSM288103", "variant_set_id": "AM_VS_HG18"}, {"biosample_id": "PGX_AM_BS_GSM217444", "id": "PGX_AM_CS_GSM217444", "variant_set_id": "AM_VS_HG18"}, {"biosample_id": "PGX_AM_BS_GSM288051", "id": "PGX_AM_CS_GSM288051", "variant_set_id": "AM_VS_HG18"}, {"biosample_id": "PGX_AM_BS_GSM217532", "id": "PGX_AM_CS_GSM217532", "variant_set_id": "AM_VS_HG18"}, {"biosample_id": "PGX_AM_BS_GSM217445", "id": "PGX_AM_CS_GSM217445", "variant_set_id": "AM_VS_HG18"}, {"biosample_id": "PGX_AM_BS_GSM217414", "id": "PGX_AM_CS_GSM217414", "variant_set_id": "AM_VS_HG18"}, {"biosample_id": "PGX_AM_BS_GSM217554", "id": "PGX_AM_CS_GSM217554", "variant_set_id": "AM_VS_HG18"}, {"biosample_id": "PGX_AM_BS_GSM217469", "id": "PGX_AM_CS_GSM217469", "variant_set_id": "AM_VS_HG18"}, {"biosample_id": "PGX_AM_BS_BrCa-fri-S0132", "id": "PGX_AM_CS_BrCa-fri-S0132", "variant_set_id": "AM_VS_HG18"}, {"biosample_id": "PGX_AM_BS_GSM217506", "id": "PGX_AM_CS_GSM217506", "variant_set_id": "AM_VS_HG18"}, {"biosample_id": "PGX_AM_BS_GSM217552", "id": "PGX_AM_CS_GSM217552", "variant_set_id": "AM_VS_HG18"}, {"biosample_id": "PGX_AM_BS_GSM217493", "id": "PGX_AM_CS_GSM217493", "variant_set_id": "AM_VS_HG18"}, {"biosample_id": "PGX_AM_BS_GSM288145", "id": "PGX_AM_CS_GSM288145", "variant_set_id": "AM_VS_HG18"}, {"biosample_id": "PGX_AM_BS_GSM217397", "id": "PGX_AM_CS_GSM217397", "variant_set_id": "AM_VS_HG18"}, {"biosample_id": "PGX_AM_BS_BrCa-fri-S1551", "id": "PGX_AM_CS_BrCa-fri-S1551", "variant_set_id": "AM_VS_HG18"}, {"biosample_id": "PGX_AM_BS_GSM288043", "id": "PGX_AM_CS_GSM288043", "variant_set_id": "AM_VS_HG18"}, {"biosample_id": "PGX_AM_BS_GSM217464", "id": "PGX_AM_CS_GSM217464", "variant_set_id": "AM_VS_HG18"}, {"biosample_id": "PGX_AM_BS_GSM288143", "id": "PGX_AM_CS_GSM288143", "variant_set_id": "AM_VS_HG18"}, {"biosample_id": "PGX_AM_BS_GSM217505", "id": "PGX_AM_CS_GSM217505", "variant_set_id": "AM_VS_HG18"}, {"biosample_id": "PGX_AM_BS_GSM288213", "id": "PGX_AM_CS_GSM288213", "variant_set_id": "AM_VS_HG18"}, {"biosample_id": "PGX_AM_BS_GSM217471", "id": "PGX_AM_CS_GSM217471", "variant_set_id": "AM_VS_HG18"}, {"biosample_id": "PGX_AM_BS_GSM217538", "id": "PGX_AM_CS_GSM217538", "variant_set_id": "AM_VS_HG18"}, {"biosample_id": "PGX_AM_BS_GSM217435", "id": "PGX_AM_CS_GSM217435", "variant_set_id": "AM_VS_HG18"}, {"biosample_id": "PGX_AM_BS_GSM288095", "id": "PGX_AM_CS_GSM288095", "variant_set_id": "AM_VS_HG18"}, {"biosample_id": "PGX_AM_BS_GSM217480", "id": "PGX_AM_CS_GSM217480", "variant_set_id": "AM_VS_HG18"}, {"biosample_id": "PGX_AM_BS_GSM217437", "id": "PGX_AM_CS_GSM217437", "variant_set_id": "AM_VS_HG18"}, {"biosample_id": "PGX_AM_BS_GSM213853", "id": "PGX_AM_CS_GSM213853", "variant_set_id": "AM_VS_HG18"}, {"biosample_id": "PGX_AM_BS_GSM217456", "id": "PGX_AM_CS_GSM217456", "variant_set_id": "AM_VS_HG18"}, {"biosample_id": "PGX_AM_BS_GSM213904", "id": "PGX_AM_CS_GSM213904", "variant_set_id": "AM_VS_HG18"}, {"biosample_id": "PGX_AM_BS_GSM217520", "id": "PGX_AM_CS_GSM217520", "variant_set_id": "AM_VS_HG18"}, {"biosample_id": "PGX_AM_BS_GSM217449", "id": "PGX_AM_CS_GSM217449", "variant_set_id": "AM_VS_HG18"}, {"biosample_id": "PGX_AM_BS_GSM217458", "id": "PGX_AM_CS_GSM217458", "variant_set_id": "AM_VS_HG18"}, {"biosample_id": "PGX_AM_BS_GSM217424", "id": "PGX_AM_CS_GSM217424", "variant_set_id": "AM_VS_HG18"}, {"biosample_id": "PGX_AM_BS_GSM288127", "id": "PGX_AM_CS_GSM288127", "variant_set_id": "AM_VS_HG18"}, {"biosample_id": "PGX_AM_BS_GSM217565", "id": "PGX_AM_CS_GSM217565", "variant_set_id": "AM_VS_HG18"}, {"biosample_id": "PGX_AM_BS_GSM288073", "id": "PGX_AM_CS_GSM288073", "variant_set_id": "AM_VS_HG18"}, {"biosample_id": "PGX_AM_BS_GSM217492", "id": "PGX_AM_CS_GSM217492", "variant_set_id": "AM_VS_HG18"}, {"biosample_id": "PGX_AM_BS_GSM217409", "id": "PGX_AM_CS_GSM217409", "variant_set_id": "AM_VS_HG18"}, {"biosample_id": "PGX_AM_BS_GSM217416", "id": "PGX_AM_CS_GSM217416", "variant_set_id": "AM_VS_HG18"}, {"biosample_id": "PGX_AM_BS_GSM288193", "id": "PGX_AM_CS_GSM288193", "variant_set_id": "AM_VS_HG18"}, {"biosample_id": "PGX_AM_BS_GSM217544", "id": "PGX_AM_CS_GSM217544", "variant_set_id": "AM_VS_HG18"}, {"biosample_id": "PGX_AM_BS_GSM217475", "id": "PGX_AM_CS_GSM217475", "variant_set_id": "AM_VS_HG18"}, {"biosample_id": "PGX_AM_BS_GSM217551", "id": "PGX_AM_CS_GSM217551", "variant_set_id": "AM_VS_HG18"}, {"biosample_id": "PGX_AM_BS_GSM288167", "id": "PGX_AM_CS_GSM288167", "variant_set_id": "AM_VS_HG18"}, {"biosample_id": "PGX_AM_BS_BrCa-fri-S0041", "id": "PGX_AM_CS_BrCa-fri-S0041", "variant_set_id": "AM_VS_HG18"}, {"biosample_id": "PGX_AM_BS_GSM288109", "id": "PGX_AM_CS_GSM288109", "variant_set_id": "AM_VS_HG18"}, {"biosample_id": "PGX_AM_BS_GSM217486", "id": "PGX_AM_CS_GSM217486", "variant_set_id": "AM_VS_HG18"}, {"biosample_id": "PGX_AM_BS_GSM217457", "id": "PGX_AM_CS_GSM217457", "variant_set_id": "AM_VS_HG18"}, {"biosample_id": "PGX_AM_BS_GSM288089", "id": "PGX_AM_CS_GSM288089", "variant_set_id": "AM_VS_HG18"}, {"biosample_id": "PGX_AM_BS_GSM288183", "id": "PGX_AM_CS_GSM288183", "variant_set_id": "AM_VS_HG18"}, {"biosample_id": "PGX_AM_BS_GSM217533", "id": "PGX_AM_CS_GSM217533", "variant_set_id": "AM_VS_HG18"}, {"biosample_id": "PGX_AM_BS_GSM288093", "id": "PGX_AM_CS_GSM288093", "variant_set_id": "AM_VS_HG18"}, {"biosample_id": "PGX_AM_BS_GSM217446", "id": "PGX_AM_CS_GSM217446", "variant_set_id": "AM_VS_HG18"}, {"biosample_id": "PGX_AM_BS_GSM217499", "id": "PGX_AM_CS_GSM217499", "variant_set_id": "AM_VS_HG18"}, {"biosample_id": "PGX_AM_BS_GSM288123", "id": "PGX_AM_CS_GSM288123", "variant_set_id": "AM_VS_HG18"}, {"biosample_id": "PGX_AM_BS_GSM288219", "id": "PGX_AM_CS_GSM288219", "variant_set_id": "AM_VS_HG18"}, {"biosample_id": "PGX_AM_BS_GSM288045", "id": "PGX_AM_CS_GSM288045", "variant_set_id": "AM_VS_HG18"}, {"biosample_id": "PGX_AM_BS_GSM217465", "id": "PGX_AM_CS_GSM217465", "variant_set_id": "AM_VS_HG18"}, {"biosample_id": "PGX_AM_BS_GSM288173", "id": "PGX_AM_CS_GSM288173", "variant_set_id": "AM_VS_HG18"}, {"biosample_id": "PGX_AM_BS_GSM213901", "id": "PGX_AM_CS_GSM213901", "variant_set_id": "AM_VS_HG18"}, {"biosample_id": "PGX_AM_BS_GSM217398", "id": "PGX_AM_CS_GSM217398", "variant_set_id": "AM_VS_HG18"}, {"biosample_id": "PGX_AM_BS_GSM213848", "id": "PGX_AM_CS_GSM213848", "variant_set_id": "AM_VS_HG18"}, {"biosample_id": "PGX_AM_BS_GSM213891", "id": "PGX_AM_CS_GSM213891", "variant_set_id": "AM_VS_HG18"}, {"biosample_id": "PGX_AM_BS_GSM217507", "id": "PGX_AM_CS_GSM217507", "variant_set_id": "AM_VS_HG18"}, {"biosample_id": "PGX_AM_BS_BrCa-fri-S1503", "id": "PGX_AM_CS_BrCa-fri-S1503", "variant_set_id": "AM_VS_HG18"}, {"biosample_id": "PGX_AM_BS_BrCa-fri-S1539", "id": "PGX_AM_CS_BrCa-fri-S1539", "variant_set_id": "AM_VS_HG18"}, {"biosample_id": "PGX_AM_BS_BrCa-fri-S0033", "id": "PGX_AM_CS_BrCa-fri-S0033", "variant_set_id": "AM_VS_HG18"}, {"biosample_id": "PGX_AM_BS_GSM217459", "id": "PGX_AM_CS_GSM217459", "variant_set_id": "AM_VS_HG18"}, {"biosample_id": "PGX_AM_BS_GSM217541", "id": "PGX_AM_CS_GSM217541", "variant_set_id": "AM_VS_HG18"}, {"biosample_id": "PGX_AM_BS_BrCa-fri-S1598", "id": "PGX_AM_CS_BrCa-fri-S1598", "variant_set_id": "AM_VS_HG18"}, {"biosample_id": "PGX_AM_BS_GSM217413", "id": "PGX_AM_CS_GSM217413", "variant_set_id": "AM_VS_HG18"}, {"biosample_id": "PGX_AM_BS_ChemSR-kim-R6", "id": "PGX_AM_CS_ChemSR-kim-R6", "variant_set_id": "AM_VS_HG18"}, {"biosample_id": "PGX_AM_BS_GSM288079", "id": "PGX_AM_CS_GSM288079", "variant_set_id": "AM_VS_HG18"}, {"biosample_id": "PGX_AM_BS_GSM217517", "id": "PGX_AM_CS_GSM217517", "variant_set_id": "AM_VS_HG18"}, {"biosample_id": "PGX_AM_BS_GSM288047", "id": "PGX_AM_CS_GSM288047", "variant_set_id": "AM_VS_HG18"}, {"biosample_id": "PGX_AM_BS_GSM217515", "id": "PGX_AM_CS_GSM217515", "variant_set_id": "AM_VS_HG18"}, {"biosample_id": "PGX_AM_BS_GSM217522", "id": "PGX_AM_CS_GSM217522", "variant_set_id": "AM_VS_HG18"}, {"biosample_id": "PGX_AM_BS_BrCa-fri-S0059", "id": "PGX_AM_CS_BrCa-fri-S0059", "variant_set_id": "AM_VS_HG18"}, {"biosample_id": "PGX_AM_BS_GSM217528", "id": "PGX_AM_CS_GSM217528", "variant_set_id": "AM_VS_HG18"}, {"biosample_id": "PGX_AM_BS_GSM217525", "id": "PGX_AM_CS_GSM217525", "variant_set_id": "AM_VS_HG18"}, {"biosample_id": "PGX_AM_BS_BrCa-fri-S1608", "id": "PGX_AM_CS_BrCa-fri-S1608", "variant_set_id": "AM_VS_HG18"}, {"biosample_id": "PGX_AM_BS_GSM213854", "id": "PGX_AM_CS_GSM213854", "variant_set_id": "AM_VS_HG18"}, {"biosample_id": "PGX_AM_BS_GSM217401", "id": "PGX_AM_CS_GSM217401", "variant_set_id": "AM_VS_HG18"}, {"biosample_id": "PGX_AM_BS_GSM288065", "id": "PGX_AM_CS_GSM288065", "variant_set_id": "AM_VS_HG18"}, {"biosample_id": "PGX_AM_BS_GSM288107", "id": "PGX_AM_CS_GSM288107", "variant_set_id": "AM_VS_HG18"}, {"biosample_id": "PGX_AM_BS_GSM217418", "id": "PGX_AM_CS_GSM217418", "variant_set_id": "AM_VS_HG18"}, {"biosample_id": "PGX_AM_BS_GSM213863", "id": "PGX_AM_CS_GSM213863", "variant_set_id": "AM_VS_HG18"}, {"biosample_id": "PGX_AM_BS_BrCa-fri-S1523", "id": "PGX_AM_CS_BrCa-fri-S1523", "variant_set_id": "AM_VS_HG18"}, {"biosample_id": "PGX_AM_BS_GSM217481", "id": "PGX_AM_CS_GSM217481", "variant_set_id": "AM_VS_HG18"}, {"biosample_id": "PGX_AM_BS_GSM217555", "id": "PGX_AM_CS_GSM217555", "variant_set_id": "AM_VS_HG18"}, {"biosample_id": "PGX_AM_BS_GSM217440", "id": "PGX_AM_CS_GSM217440", "variant_set_id": "AM_VS_HG18"}, {"biosample_id": "PGX_AM_BS_GSM213862", "id": "PGX_AM_CS_GSM213862", "variant_set_id": "AM_VS_HG18"}, {"biosample_id": "PGX_AM_BS_GSM217496", "id": "PGX_AM_CS_GSM217496", "variant_set_id": "AM_VS_HG18"}, {"biosample_id": "PGX_AM_BS_GSM288075", "id": "PGX_AM_CS_GSM288075", "variant_set_id": "AM_VS_HG18"}, {"biosample_id": "PGX_AM_BS_GSM217529", "id": "PGX_AM_CS_GSM217529", "variant_set_id": "AM_VS_HG18"}, {"biosample_id": "PGX_AM_BS_GSM213900", "id": "PGX_AM_CS_GSM213900", "variant_set_id": "AM_VS_HG18"}, {"biosample_id": "PGX_AM_BS_GSM217559", "id": "PGX_AM_CS_GSM217559", "variant_set_id": "AM_VS_HG18"}, {"biosample_id": "PGX_AM_BS_GSM217412", "id": "PGX_AM_CS_GSM217412", "variant_set_id": "AM_VS_HG18"}, {"biosample_id": "PGX_AM_BS_GSM217523", "id": "PGX_AM_CS_GSM217523", "variant_set_id": "AM_VS_HG18"}, {"biosample_id": "PGX_AM_BS_GSM288113", "id": "PGX_AM_CS_GSM288113", "variant_set_id": "AM_VS_HG18"}, {"biosample_id": "PGX_AM_BS_GSM217513", "id": "PGX_AM_CS_GSM217513", "variant_set_id": "AM_VS_HG18"}, {"biosample_id": "PGX_AM_BS_GSM288201", "id": "PGX_AM_CS_GSM288201", "variant_set_id": "AM_VS_HG18"}, {"biosample_id": "PGX_AM_BS_BrCa-fri-S1575", "id": "PGX_AM_CS_BrCa-fri-S1575", "variant_set_id": "AM_VS_HG18"}, {"biosample_id": "PGX_AM_BS_GSM288111", "id": "PGX_AM_CS_GSM288111", "variant_set_id": "AM_VS_HG18"}, {"biosample_id": "PGX_AM_BS_GSM217406", "id": "PGX_AM_CS_GSM217406", "variant_set_id": "AM_VS_HG18"}, {"biosample_id": "PGX_AM_BS_ChemSR-kim-R4", "id": "PGX_AM_CS_ChemSR-kim-R4", "variant_set_id": "AM_VS_HG18"}, {"biosample_id": "PGX_AM_BS_BrCa-fri-S0055", "id": "PGX_AM_CS_BrCa-fri-S0055", "variant_set_id": "AM_VS_HG18"}, {"biosample_id": "PGX_AM_BS_GSM217484", "id": "PGX_AM_CS_GSM217484", "variant_set_id": "AM_VS_HG18"}, {"biosample_id": "PGX_AM_BS_GSM288099", "id": "PGX_AM_CS_GSM288099", "variant_set_id": "AM_VS_HG18"}, {"biosample_id": "PGX_AM_BS_BrCa-fri-S0081", "id": "PGX_AM_CS_BrCa-fri-S0081", "variant_set_id": "AM_VS_HG18"}, {"biosample_id": "PGX_AM_BS_BrCa-fri-S0051", "id": "PGX_AM_CS_BrCa-fri-S0051", "variant_set_id": "AM_VS_HG18"}, {"biosample_id": "PGX_AM_BS_GSM217476", "id": "PGX_AM_CS_GSM217476", "variant_set_id": "AM_VS_HG18"}, {"biosample_id": "PGX_AM_BS_GSM217415", "id": "PGX_AM_CS_GSM217415", "variant_set_id": "AM_VS_HG18"}, {"biosample_id": "PGX_AM_BS_GSM288147", "id": "PGX_AM_CS_GSM288147", "variant_set_id": "AM_VS_HG18"}, {"biosample_id": "PGX_AM_BS_GSM288053", "id": "PGX_AM_CS_GSM288053", "variant_set_id": "AM_VS_HG18"}, {"biosample_id": "PGX_AM_BS_GSM213870", "id": "PGX_AM_CS_GSM213870", "variant_set_id": "AM_VS_HG18"}, {"biosample_id": "PGX_AM_BS_GSM217451", "id": "PGX_AM_CS_GSM217451", "variant_set_id": "AM_VS_HG18"}, {"biosample_id": "PGX_AM_BS_GSM217527", "id": "PGX_AM_CS_GSM217527", "variant_set_id": "AM_VS_HG18"}, {"biosample_id": "PGX_AM_BS_BrCa-fri-S0104", "id": "PGX_AM_CS_BrCa-fri-S0104", "variant_set_id": "AM_VS_HG18"}, {"biosample_id": "PGX_AM_BS_ChemSR-kim-S2", "id": "PGX_AM_CS_ChemSR-kim-S2", "variant_set_id": "AM_VS_HG18"}, {"biosample_id": "PGX_AM_BS_GSM217495", "id": "PGX_AM_CS_GSM217495", "variant_set_id": "AM_VS_HG18"}, {"biosample_id": "PGX_AM_BS_GSM217560", "id": "PGX_AM_CS_GSM217560", "variant_set_id": "AM_VS_HG18"}, {"biosample_id": "PGX_AM_BS_BrCa-fri-S1519", "id": "PGX_AM_CS_BrCa-fri-S1519", "variant_set_id": "AM_VS_HG18"}, {"biosample_id": "PGX_AM_BS_GSM217549", "id": "PGX_AM_CS_GSM217549", "variant_set_id": "AM_VS_HG18"}, {"biosample_id": "PGX_AM_BS_GSM217512", "id": "PGX_AM_CS_GSM217512", "variant_set_id": "AM_VS_HG18"}, {"biosample_id": "PGX_AM_BS_GSM217558", "id": "PGX_AM_CS_GSM217558", "variant_set_id": "AM_VS_HG18"}, {"biosample_id": "PGX_AM_BS_GSM288087", "id": "PGX_AM_CS_GSM288087", "variant_set_id": "AM_VS_HG18"}, {"biosample_id": "PGX_AM_BS_GSM217526", "id": "PGX_AM_CS_GSM217526", "variant_set_id": "AM_VS_HG18"}, {"biosample_id": "PGX_AM_BS_GSM217402", "id": "PGX_AM_CS_GSM217402", "variant_set_id": "AM_VS_HG18"}, {"biosample_id": "PGX_AM_BS_GSM288131", "id": "PGX_AM_CS_GSM288131", "variant_set_id": "AM_VS_HG18"}, {"biosample_id": "PGX_AM_BS_GSM288215", "id": "PGX_AM_CS_GSM288215", "variant_set_id": "AM_VS_HG18"}, {"biosample_id": "PGX_AM_BS_ChemSR-kim-R9", "id": "PGX_AM_CS_ChemSR-kim-R9", "variant_set_id": "AM_VS_HG18"}, {"biosample_id": "PGX_AM_BS_ChemSR-kim-S6", "id": "PGX_AM_CS_ChemSR-kim-S6", "variant_set_id": "AM_VS_HG18"}, {"biosample_id": "PGX_AM_BS_GSM288117", "id": "PGX_AM_CS_GSM288117", "variant_set_id": "AM_VS_HG18"}, {"biosample_id": "PGX_AM_BS_GSM213876", "id": "PGX_AM_CS_GSM213876", "variant_set_id": "AM_VS_HG18"}, {"biosample_id": "PGX_AM_BS_GSM217408", "id": "PGX_AM_CS_GSM217408", "variant_set_id": "AM_VS_HG18"}]
